date;Day;Month;Year;WeekNumber;DayOfWeek;DayOfYear;Sales
2013-01-01;1;1;2013;1;1;1;2511.619
2013-01-02;2;1;2013;1;2;2;496092.417999999
2013-01-03;3;1;2013;1;3;3;361429.230999999
2013-01-04;4;1;2013;1;4;4;354459.677
2013-01-05;5;1;2013;1;5;5;477350.120999999
2013-01-06;6;1;2013;1;6;6;519695.400999999
2013-01-07;7;1;2013;2;0;7;336122.801
2013-01-08;8;1;2013;2;1;8;318347.778
2013-01-09;9;1;2013;2;2;9;302530.809
2013-01-10;10;1;2013;2;3;10;258982.003
2013-01-11;11;1;2013;2;4;11;289737.685
2013-01-12;12;1;2013;2;5;12;403257.212
2013-01-13;13;1;2013;2;6;13;464638.548
2013-01-14;14;1;2013;3;0;14;293328.362
2013-01-15;15;1;2013;3;1;15;298969.549999999
2013-01-16;16;1;2013;3;2;16;318347.914
2013-01-17;17;1;2013;3;3;17;267498.516
2013-01-18;18;1;2013;3;4;18;296130.85
2013-01-19;19;1;2013;3;5;19;432459.852
2013-01-20;20;1;2013;3;6;20;461092.386
2013-01-21;21;1;2013;4;0;21;311211.266
2013-01-22;22;1;2013;4;1;22;296214.729
2013-01-23;23;1;2013;4;2;23;283258.453
2013-01-24;24;1;2013;4;3;24;247245.691
2013-01-25;25;1;2013;4;4;25;290022.772
2013-01-26;26;1;2013;4;5;26;413799.768
2013-01-27;27;1;2013;4;6;27;430411.991
2013-01-28;28;1;2013;5;0;28;285460.17
2013-01-29;29;1;2013;5;1;29;264488.818
2013-01-30;30;1;2013;5;2;30;281061.127000001
2013-01-31;31;1;2013;5;3;31;271254.217999999
2013-02-01;1;2;2013;5;4;32;369402.055
2013-02-02;2;2;2013;5;5;33;518887.463
2013-02-03;3;2;2013;5;6;34;486336.82
2013-02-04;4;2;2013;6;0;35;344308.715
2013-02-05;5;2;2013;6;1;36;321245.839000001
2013-02-06;6;2;2013;6;2;37;321538.176999999
2013-02-07;7;2;2013;6;3;38;290807.531
2013-02-08;8;2;2013;6;4;39;347441.79
2013-02-09;9;2;2013;6;5;40;416176.278999999
2013-02-10;10;2;2013;6;6;41;300951.329
2013-02-11;11;2;2013;7;0;42;278627.589
2013-02-12;12;2;2013;7;1;43;308800.791
2013-02-13;13;2;2013;7;2;44;319597.93
2013-02-14;14;2;2013;7;3;45;308164.016999999
2013-02-15;15;2;2013;7;4;46;320168.884
2013-02-16;16;2;2013;7;5;47;485660.494000001
2013-02-17;17;2;2013;7;6;48;399588.91
2013-02-18;18;2;2013;8;0;49;350745.572999999
2013-02-19;19;2;2013;8;1;50;293637.802
2013-02-20;20;2;2013;8;2;51;313803.162
2013-02-21;21;2;2013;8;3;52;267711.109
2013-02-22;22;2;2013;8;4;53;285679.869000001
2013-02-23;23;2;2013;8;5;54;412897.349000001
2013-02-24;24;2;2013;8;6;55;452726.126
2013-02-25;25;2;2013;9;0;56;307110.875999999
2013-02-26;26;2;2013;9;1;57;270425.007
2013-02-27;27;2;2013;9;2;58;288401.999
2013-02-28;28;2;2013;9;3;59;278116.292
2013-03-01;1;3;2013;9;4;60;378898.165
2013-03-02;2;3;2013;9;5;61;547857.205
2013-03-03;3;3;2013;9;6;62;559820.579999999
2013-03-04;4;3;2013;10;0;63;383647.679
2013-03-05;5;3;2013;10;1;64;332189.993000001
2013-03-06;6;3;2013;10;2;65;335726.581
2013-03-07;7;3;2013;10;3;66;293099.527
2013-03-08;8;3;2013;10;4;67;316600.68
2013-03-09;9;3;2013;10;5;68;453259.497
2013-03-10;10;3;2013;10;6;69;461859.756
2013-03-11;11;3;2013;11;0;70;318379.132999999
2013-03-12;12;3;2013;11;1;71;271823.378
2013-03-13;13;3;2013;11;2;72;287869.664
2013-03-14;14;3;2013;11;3;73;247541.42
2013-03-15;15;3;2013;11;4;74;315878.09
2013-03-16;16;3;2013;11;5;75;482233.434
2013-03-17;17;3;2013;11;6;76;513439.585
2013-03-18;18;3;2013;12;0;77;330283.803
2013-03-19;19;3;2013;12;1;78;294020.246
2013-03-20;20;3;2013;12;2;79;321207.007
2013-03-21;21;3;2013;12;3;80;269130.128
2013-03-22;22;3;2013;12;4;81;304100.454
2013-03-23;23;3;2013;12;5;82;453192.003
2013-03-24;24;3;2013;12;6;83;449794.637
2013-03-25;25;3;2013;13;0;84;317559.61
2013-03-26;26;3;2013;13;1;85;275818.236
2013-03-27;27;3;2013;13;2;86;313691.149
2013-03-28;28;3;2013;13;3;87;339293.269000001
2013-03-29;29;3;2013;13;4;88;345513.132
2013-03-30;30;3;2013;13;5;89;452661.355999999
2013-03-31;31;3;2013;13;6;90;462107.64
2013-04-01;1;4;2013;14;0;91;428816.448
2013-04-02;2;4;2013;14;1;92;377732.827999999
2013-04-03;3;4;2013;14;2;93;373731.076
2013-04-04;4;4;2013;14;3;94;308738.386
2013-04-05;5;4;2013;14;4;95;336394.781999999
2013-04-06;6;4;2013;14;5;96;509424.214000001
2013-04-07;7;4;2013;14;6;97;519048.377000001
2013-04-08;8;4;2013;15;0;98;346649.816
2013-04-09;9;4;2013;15;1;99;306335.801999999
2013-04-10;10;4;2013;15;2;100;312846.375
2013-04-11;11;4;2013;15;3;101;303222.413
2013-04-12;12;4;2013;15;4;102;314394.967
2013-04-13;13;4;2013;15;5;103;453442.497
2013-04-14;14;4;2013;15;6;104;478417.149
2013-04-15;15;4;2013;16;0;105;338712.458000001
2013-04-16;16;4;2013;16;1;106;333431.88
2013-04-17;17;4;2013;16;2;107;334990.519
2013-04-18;18;4;2013;16;3;108;281923.51
2013-04-19;19;4;2013;16;4;109;311588.705
2013-04-20;20;4;2013;16;5;110;459884.837999999
2013-04-21;21;4;2013;16;6;111;485721.032
2013-04-22;22;4;2013;17;0;112;328886.321
2013-04-23;23;4;2013;17;1;113;302097.833
2013-04-24;24;4;2013;17;2;114;310555.184999999
2013-04-25;25;4;2013;17;3;115;268790.619
2013-04-26;26;4;2013;17;4;116;304413.557
2013-04-27;27;4;2013;17;5;117;446665.338
2013-04-28;28;4;2013;17;6;118;477623.472999999
2013-04-29;29;4;2013;18;0;119;328795.874
2013-04-30;30;4;2013;18;1;120;310186.467
2013-05-01;1;5;2013;18;2;121;507974.637000001
2013-05-02;2;5;2013;18;3;122;348709.46
2013-05-03;3;5;2013;18;4;123;374290.251
2013-05-04;4;5;2013;18;5;124;520339.516
2013-05-05;5;5;2013;18;6;125;580268.551000001
2013-05-06;6;5;2013;19;0;126;369869.383
2013-05-07;7;5;2013;19;1;127;317292.964
2013-05-08;8;5;2013;19;2;128;332477.411
2013-05-09;9;5;2013;19;3;129;305868.056999999
2013-05-10;10;5;2013;19;4;130;335937.442
2013-05-11;11;5;2013;19;5;131;512090.581
2013-05-12;12;5;2013;19;6;132;387860.505
2013-05-13;13;5;2013;20;0;133;350598.062
2013-05-14;14;5;2013;20;1;134;308469.313
2013-05-15;15;5;2013;20;2;135;329113.56
2013-05-16;16;5;2013;20;3;136;307556.946999999
2013-05-17;17;5;2013;20;4;137;330004.242000001
2013-05-18;18;5;2013;20;5;138;480969.559
2013-05-19;19;5;2013;20;6;139;518153.554
2013-05-20;20;5;2013;21;0;140;341787.215
2013-05-21;21;5;2013;21;1;141;307178.399999999
2013-05-22;22;5;2013;21;2;142;301785.483
2013-05-23;23;5;2013;21;3;143;289261.058
2013-05-24;24;5;2013;21;4;144;398389.242
2013-05-25;25;5;2013;21;5;145;417930.142
2013-05-26;26;5;2013;21;6;146;450631.4
2013-05-27;27;5;2013;22;0;147;321630.831
2013-05-28;28;5;2013;22;1;148;307329.168
2013-05-29;29;5;2013;22;2;149;309332.381
2013-05-30;30;5;2013;22;3;150;304344.850000001
2013-05-31;31;5;2013;22;4;151;330257.842000001
2013-06-01;1;6;2013;22;5;152;566901.815
2013-06-02;2;6;2013;22;6;153;637698.494999998
2013-06-03;3;6;2013;23;0;154;426332.098
2013-06-04;4;6;2013;23;1;155;369705.16
2013-06-05;5;6;2013;23;2;156;361791.081000001
2013-06-06;6;6;2013;23;3;157;317495.766
2013-06-07;7;6;2013;23;4;158;357673.088
2013-06-08;8;6;2013;23;5;159;466292.699
2013-06-09;9;6;2013;23;6;160;526804.73
2013-06-10;10;6;2013;24;0;161;349754.292000001
2013-06-11;11;6;2013;24;1;162;283858.216
2013-06-12;12;6;2013;24;2;163;320173.578
2013-06-13;13;6;2013;24;3;164;282886.92
2013-06-14;14;6;2013;24;4;165;326956.742
2013-06-15;15;6;2013;24;5;166;505949.667000001
2013-06-16;16;6;2013;24;6;167;435894.083
2013-06-17;17;6;2013;25;0;168;370944.271000001
2013-06-18;18;6;2013;25;1;169;320885.339999999
2013-06-19;19;6;2013;25;2;170;319235.258
2013-06-20;20;6;2013;25;3;171;293877.944
2013-06-21;21;6;2013;25;4;172;319722.687
2013-06-22;22;6;2013;25;5;173;446347.312000001
2013-06-23;23;6;2013;25;6;174;504964.845
2013-06-24;24;6;2013;26;0;175;336625.964
2013-06-25;25;6;2013;26;1;176;305119.53
2013-06-26;26;6;2013;26;2;177;301847.249
2013-06-27;27;6;2013;26;3;178;266525.459
2013-06-28;28;6;2013;26;4;179;324210.972
2013-06-29;29;6;2013;26;5;180;509379.108
2013-06-30;30;6;2013;26;6;181;533481.693
2013-07-01;1;7;2013;27;0;182;441758.387999999
2013-07-02;2;7;2013;27;1;183;390958.384000001
2013-07-03;3;7;2013;27;2;184;374551.918000001
2013-07-04;4;7;2013;27;3;185;327020.179
2013-07-05;5;7;2013;27;4;186;351401.500000001
2013-07-06;6;7;2013;27;5;187;479514.494
2013-07-07;7;7;2013;27;6;188;500606.073
2013-07-08;8;7;2013;28;0;189;365452.995
2013-07-09;9;7;2013;28;1;190;317279.145
2013-07-10;10;7;2013;28;2;191;314134.886
2013-07-11;11;7;2013;28;3;192;281750.931
2013-07-12;12;7;2013;28;4;193;308786.438000001
2013-07-13;13;7;2013;28;5;194;432569.102000001
2013-07-14;14;7;2013;28;6;195;438722.418
2013-07-15;15;7;2013;29;0;196;348803.047
2013-07-16;16;7;2013;29;1;197;335516.229
2013-07-17;17;7;2013;29;2;198;324312.818
2013-07-18;18;7;2013;29;3;199;287073.874
2013-07-19;19;7;2013;29;4;200;313332.555
2013-07-20;20;7;2013;29;5;201;435497.731
2013-07-21;21;7;2013;29;6;202;437952.624
2013-07-22;22;7;2013;30;0;203;342802.299
2013-07-23;23;7;2013;30;1;204;316257.463
2013-07-24;24;7;2013;30;2;205;309243.79
2013-07-25;25;7;2013;30;3;206;298074.225
2013-07-26;26;7;2013;30;4;207;318745.693
2013-07-27;27;7;2013;30;5;208;423890.502000001
2013-07-28;28;7;2013;30;6;209;433358.652
2013-07-29;29;7;2013;31;0;210;331493.285
2013-07-30;30;7;2013;31;1;211;318553.99
2013-07-31;31;7;2013;31;2;212;357982.979000001
2013-08-01;1;8;2013;31;3;213;397555.318
2013-08-02;2;8;2013;31;4;214;393831.12
2013-08-03;3;8;2013;31;5;215;516956.846
2013-08-04;4;8;2013;31;6;216;514267.276
2013-08-05;5;8;2013;32;0;217;407033.811
2013-08-06;6;8;2013;32;1;218;357263.854
2013-08-07;7;8;2013;32;2;219;351302.132
2013-08-08;8;8;2013;32;3;220;310953.024000001
2013-08-09;9;8;2013;32;4;221;337521.668
2013-08-10;10;8;2013;32;5;222;434184.944
2013-08-11;11;8;2013;32;6;223;434720.323
2013-08-12;12;8;2013;33;0;224;349539.224
2013-08-13;13;8;2013;33;1;225;317103.331
2013-08-14;14;8;2013;33;2;226;324377.387
2013-08-15;15;8;2013;33;3;227;311043.173
2013-08-16;16;8;2013;33;4;228;364487.321999999
2013-08-17;17;8;2013;33;5;229;448835.311
2013-08-18;18;8;2013;33;6;230;464053.773
2013-08-19;19;8;2013;34;0;231;362084.527
2013-08-20;20;8;2013;34;1;232;343046.114
2013-08-21;21;8;2013;34;2;233;335724.644
2013-08-22;22;8;2013;34;3;234;306473.261
2013-08-23;23;8;2013;34;4;235;331906.369
2013-08-24;24;8;2013;34;5;236;420576.155
2013-08-25;25;8;2013;34;6;237;443694.094000001
2013-08-26;26;8;2013;35;0;238;347159.641
2013-08-27;27;8;2013;35;1;239;319688.219
2013-08-28;28;8;2013;35;2;240;319322.061
2013-08-29;29;8;2013;35;3;241;294518.686
2013-08-30;30;8;2013;35;4;242;354932.931
2013-08-31;31;8;2013;35;5;243;523631.381000001
2013-09-01;1;9;2013;35;6;244;640406.222
2013-09-02;2;9;2013;36;0;245;458792.961
2013-09-03;3;9;2013;36;1;246;397680.419999999
2013-09-04;4;9;2013;36;2;247;392565.486
2013-09-05;5;9;2013;36;3;248;330622.778999999
2013-09-06;6;9;2013;36;4;249;335442.248
2013-09-07;7;9;2013;36;5;250;518584.247
2013-09-08;8;9;2013;36;6;251;560852.004999999
2013-09-09;9;9;2013;37;0;252;377151.707000001
2013-09-10;10;9;2013;37;1;253;308074.465999999
2013-09-11;11;9;2013;37;2;254;323124.619
2013-09-12;12;9;2013;37;3;255;282855.731
2013-09-13;13;9;2013;37;4;256;319555.942
2013-09-14;14;9;2013;37;5;257;476364.005
2013-09-15;15;9;2013;37;6;258;532852.959
2013-09-16;16;9;2013;38;0;259;373229.840999999
2013-09-17;17;9;2013;38;1;260;327282.950000001
2013-09-18;18;9;2013;38;2;261;315687.719
2013-09-19;19;9;2013;38;3;262;279580.372
2013-09-20;20;9;2013;38;4;263;331846.904
2013-09-21;21;9;2013;38;5;264;468298.381
2013-09-22;22;9;2013;38;6;265;502068.701999999
2013-09-23;23;9;2013;39;0;266;356043.034
2013-09-24;24;9;2013;39;1;267;303333.393
2013-09-25;25;9;2013;39;2;268;312490.105
2013-09-26;26;9;2013;39;3;269;273057.88
2013-09-27;27;9;2013;39;4;270;320246.574
2013-09-28;28;9;2013;39;5;271;484903.689
2013-09-29;29;9;2013;39;6;272;522868.442000001
2013-09-30;30;9;2013;40;0;273;367068.450000001
2013-10-01;1;10;2013;40;1;274;436441.033999999
2013-10-02;2;10;2013;40;2;275;414455.655
2013-10-03;3;10;2013;40;3;276;348933.247
2013-10-04;4;10;2013;40;4;277;378109.978
2013-10-05;5;10;2013;40;5;278;540156.625
2013-10-06;6;10;2013;40;6;279;553031.424000001
2013-10-07;7;10;2013;41;0;280;373387.109
2013-10-08;8;10;2013;41;1;281;326726.724000001
2013-10-09;9;10;2013;41;2;282;322529.419
2013-10-10;10;10;2013;41;3;283;305047.098
2013-10-11;11;10;2013;41;4;284;402913.849
2013-10-12;12;10;2013;41;5;285;426379.691000001
2013-10-13;13;10;2013;41;6;286;481781.256
2013-10-14;14;10;2013;42;0;287;342694.721
2013-10-15;15;10;2013;42;1;288;305241.57
2013-10-16;16;10;2013;42;2;289;355696.964
2013-10-17;17;10;2013;42;3;290;312949.413
2013-10-18;18;10;2013;42;4;291;323327.873
2013-10-19;19;10;2013;42;5;292;488245.57
2013-10-20;20;10;2013;42;6;293;537713.509000001
2013-10-21;21;10;2013;43;0;294;348721.328
2013-10-22;22;10;2013;43;1;295;301641.785
2013-10-23;23;10;2013;43;2;296;323105.116
2013-10-24;24;10;2013;43;3;297;276059.080000001
2013-10-25;25;10;2013;43;4;298;317570.426
2013-10-26;26;10;2013;43;5;299;452902.363999999
2013-10-27;27;10;2013;43;6;300;512891.483
2013-10-28;28;10;2013;44;0;301;346941.914
2013-10-29;29;10;2013;44;1;302;302332.997
2013-10-30;30;10;2013;44;2;303;319494.705
2013-10-31;31;10;2013;44;3;304;298195.433
2013-11-01;1;11;2013;44;4;305;403637.233000001
2013-11-02;2;11;2013;44;5;306;540615.555
2013-11-03;3;11;2013;44;6;307;602796.556
2013-11-04;4;11;2013;45;0;308;424314.167
2013-11-05;5;11;2013;45;1;309;393322.183
2013-11-06;6;11;2013;45;2;310;386425.979
2013-11-07;7;11;2013;45;3;311;346293.34
2013-11-08;8;11;2013;45;4;312;358473.978000001
2013-11-09;9;11;2013;45;5;313;513850.323
2013-11-10;10;11;2013;45;6;314;587666.49
2013-11-11;11;11;2013;46;0;315;374087.89
2013-11-12;12;11;2013;46;1;316;373277.747999999
2013-11-13;13;11;2013;46;2;317;332279.257
2013-11-14;14;11;2013;46;3;318;284567.403
2013-11-15;15;11;2013;46;4;319;349360.304999999
2013-11-16;16;11;2013;46;5;320;524065.588
2013-11-17;17;11;2013;46;6;321;579209.229
2013-11-18;18;11;2013;47;0;322;391940.551999999
2013-11-19;19;11;2013;47;1;323;329455.271
2013-11-20;20;11;2013;47;2;324;354337.735
2013-11-21;21;11;2013;47;3;325;298047.047999999
2013-11-22;22;11;2013;47;4;326;340734.213000001
2013-11-23;23;11;2013;47;5;327;485544.299
2013-11-24;24;11;2013;47;6;328;550925.292999999
2013-11-25;25;11;2013;48;0;329;365965.509
2013-11-26;26;11;2013;48;1;330;323292.83
2013-11-27;27;11;2013;48;2;331;337083.286
2013-11-28;28;11;2013;48;3;332;305982.982
2013-11-29;29;11;2013;48;4;333;357000.403999999
2013-11-30;30;11;2013;48;5;334;541977.655999999
2013-12-01;1;12;2013;48;6;335;698217.129
2013-12-02;2;12;2013;49;0;336;495488.367
2013-12-03;3;12;2013;49;1;337;424438.047
2013-12-04;4;12;2013;49;2;338;424147.046
2013-12-05;5;12;2013;49;3;339;386406.804999999
2013-12-06;6;12;2013;49;4;340;432661.754999999
2013-12-07;7;12;2013;49;5;341;537181.319999999
2013-12-08;8;12;2013;49;6;342;588855.896000001
2013-12-09;9;12;2013;50;0;343;441554.313999999
2013-12-10;10;12;2013;50;1;344;414421.696
2013-12-11;11;12;2013;50;2;345;422957.199
2013-12-12;12;12;2013;50;3;346;384256.081
2013-12-13;13;12;2013;50;4;347;434657.013
2013-12-14;14;12;2013;50;5;348;554911.917
2013-12-15;15;12;2013;50;6;349;642015.776000001
2013-12-16;16;12;2013;51;0;350;516060.291
2013-12-17;17;12;2013;51;1;351;480470.717000001
2013-12-18;18;12;2013;51;2;352;527481.336999999
2013-12-19;19;12;2013;51;3;353;507461.038
2013-12-20;20;12;2013;51;4;354;544104.268000001
2013-12-21;21;12;2013;51;5;355;685673.075000001
2013-12-22;22;12;2013;51;6;356;696295.147
2013-12-23;23;12;2013;52;0;357;792865.284000001
2013-12-24;24;12;2013;52;1;358;620663.290999999
2013-12-26;26;12;2013;52;3;360;470731.162
2013-12-27;27;12;2013;52;4;361;479314.967999999
2013-12-28;28;12;2013;52;5;362;556952.306
2013-12-29;29;12;2013;52;6;363;499719.505
2013-12-30;30;12;2013;1;0;364;635134.736000002
2013-12-31;31;12;2013;1;1;365;507264.663
2014-01-01;1;1;2014;1;2;1;8602.0654
2014-01-02;2;1;2014;1;3;2;801011.226199999
2014-01-03;3;1;2014;1;4;3;680672.8456
2014-01-04;4;1;2014;1;5;4;936628.887
2014-01-05;5;1;2014;1;6;5;949618.790000001
2014-01-06;6;1;2014;2;0;6;602268.564000001
2014-01-07;7;1;2014;2;1;7;563450.5984
2014-01-08;8;1;2014;2;2;8;636176.852200001
2014-01-09;9;1;2014;2;3;9;496377.9335
2014-01-10;10;1;2014;2;4;10;543055.3286
2014-01-11;11;1;2014;2;5;11;787321.455999999
2014-01-12;12;1;2014;2;6;12;844633.599000001
2014-01-13;13;1;2014;3;0;13;555547.014999999
2014-01-14;14;1;2014;3;1;14;502643.1039
2014-01-15;15;1;2014;3;2;15;567067.468399999
2014-01-16;16;1;2014;3;3;16;502789.2143
2014-01-17;17;1;2014;3;4;17;542937.9157
2014-01-18;18;1;2014;3;5;18;786779.89
2014-01-19;19;1;2014;3;6;19;851735.334000001
2014-01-20;20;1;2014;4;0;20;575850.061999998
2014-01-21;21;1;2014;4;1;21;538817.207400002
2014-01-22;22;1;2014;4;2;22;553097.597299999
2014-01-23;23;1;2014;4;3;23;460789.039800002
2014-01-24;24;1;2014;4;4;24;526123.572400001
2014-01-25;25;1;2014;4;5;25;733880.978999999
2014-01-26;26;1;2014;4;6;26;814057.733000002
2014-01-27;27;1;2014;5;0;27;540798.834
2014-01-28;28;1;2014;5;1;28;481592.435800001
2014-01-29;29;1;2014;5;2;29;512853.989999999
2014-01-30;30;1;2014;5;3;30;453642.970800001
2014-01-31;31;1;2014;5;4;31;560816.192399999
2014-02-01;1;2;2014;5;5;32;648870.198999999
2014-02-02;2;2;2014;5;6;33;619805.536999999
2014-02-03;3;2;2014;6;0;34;461637.523
2014-02-04;4;2;2014;6;1;35;403189.587
2014-02-05;5;2;2014;6;2;36;399138.306
2014-02-06;6;2;2014;6;3;37;359139.1016
2014-02-07;7;2;2014;6;4;38;389471.5681
2014-02-08;8;2;2014;6;5;39;530128.059999999
2014-02-09;9;2;2014;6;6;40;520753.746999999
2014-02-10;10;2;2014;7;0;41;396622.737
2014-02-11;11;2;2014;7;1;42;358382.734
2014-02-12;12;2;2014;7;2;43;387757.394
2014-02-13;13;2;2014;7;3;44;347373.2986
2014-02-14;14;2;2014;7;4;45;361206.4071
2014-02-15;15;2;2014;7;5;46;538893.358
2014-02-16;16;2;2014;7;6;47;595300.235
2014-02-17;17;2;2014;8;0;48;412029.288
2014-02-18;18;2;2014;8;1;49;365331.248
2014-02-19;19;2;2014;8;2;50;360161.638999999
2014-02-20;20;2;2014;8;3;51;322450.920100001
2014-02-21;21;2;2014;8;4;52;369403.653900001
2014-02-22;22;2;2014;8;5;53;538206.083
2014-02-23;23;2;2014;8;6;54;487886.464
2014-02-24;24;2;2014;9;0;55;404224.188999999
2014-02-25;25;2;2014;9;1;56;351418.11
2014-02-26;26;2;2014;9;2;57;353604.266999999
2014-02-27;27;2;2014;9;3;58;330330.185300001
2014-02-28;28;2;2014;9;4;59;425624.7954
2014-03-01;1;3;2014;9;5;60;911360.257999998
2014-03-02;2;3;2014;9;6;61;667413.053
2014-03-03;3;3;2014;10;0;62;613973.032
2014-03-04;4;3;2014;10;1;63;748929.902199999
2014-03-05;5;3;2014;10;2;64;741756.417400001
2014-03-06;6;3;2014;10;3;65;614082.443900001
2014-03-07;7;3;2014;10;4;66;598242.341600002
2014-03-08;8;3;2014;10;5;67;753345.259
2014-03-09;9;3;2014;10;6;68;916117.650000005
2014-03-10;10;3;2014;11;0;69;587414.829
2014-03-11;11;3;2014;11;1;70;539365.375099999
2014-03-12;12;3;2014;11;2;71;575676.796200001
2014-03-13;13;3;2014;11;3;72;473298.0426
2014-03-14;14;3;2014;11;4;73;530515.255099999
2014-03-15;15;3;2014;11;5;74;731049.790000002
2014-03-16;16;3;2014;11;6;75;929808.493999997
2014-03-17;17;3;2014;12;0;76;612719.522000001
2014-03-18;18;3;2014;12;1;77;537427.8684
2014-03-19;19;3;2014;12;2;78;585974.6575
2014-03-20;20;3;2014;12;3;79;500897.1126
2014-03-21;21;3;2014;12;4;80;548811.4701
2014-03-22;22;3;2014;12;5;81;771704.933999999
2014-03-23;23;3;2014;12;6;82;838814.635999999
2014-03-24;24;3;2014;13;0;83;571762.045
2014-03-25;25;3;2014;13;1;84;539861.618399998
2014-03-26;26;3;2014;13;2;85;569680.543199999
2014-03-27;27;3;2014;13;3;86;468581.3983
2014-03-28;28;3;2014;13;4;87;538905.7822
2014-03-29;29;3;2014;13;5;88;822333.144000003
2014-03-30;30;3;2014;13;6;89;873958.840000004
2014-03-31;31;3;2014;14;0;90;651800.509000001
2014-04-01;1;4;2014;14;1;91;485078.887
2014-04-02;2;4;2014;14;2;92;463917.316
2014-04-03;3;4;2014;14;3;93;388867.961399999
2014-04-04;4;4;2014;14;4;94;422578.7449
2014-04-05;5;4;2014;14;5;95;617680.194000001
2014-04-06;6;4;2014;14;6;96;631888.251
2014-04-07;7;4;2014;15;0;97;426091.104
2014-04-08;8;4;2014;15;1;98;376663.272000001
2014-04-09;9;4;2014;15;2;99;375309.082
2014-04-10;10;4;2014;15;3;100;334052.757
2014-04-11;11;4;2014;15;4;101;379646.8459
2014-04-12;12;4;2014;15;5;102;529919.923000002
2014-04-13;13;4;2014;15;6;103;540190.282
2014-04-14;14;4;2014;16;0;104;381386.309
2014-04-15;15;4;2014;16;1;105;364689.055
2014-04-16;16;4;2014;16;2;106;411357.085
2014-04-17;17;4;2014;16;3;107;397464.8429
2014-04-18;18;4;2014;16;4;108;394392.1841
2014-04-19;19;4;2014;16;5;109;496904.749
2014-04-20;20;4;2014;16;6;110;520126.398
2014-04-21;21;4;2014;17;0;111;398677.397
2014-04-22;22;4;2014;17;1;112;370552.249
2014-04-23;23;4;2014;17;2;113;372232.595
2014-04-24;24;4;2014;17;3;114;320875.4779
2014-04-25;25;4;2014;17;4;115;357173.7085
2014-04-26;26;4;2014;17;5;116;497334.735
2014-04-27;27;4;2014;17;6;117;560508.421000001
2014-04-28;28;4;2014;18;0;118;362271.917000001
2014-04-29;29;4;2014;18;1;119;326338.348
2014-04-30;30;4;2014;18;2;120;357079.964999999
2014-05-01;1;5;2014;18;3;121;530380.848000001
2014-05-02;2;5;2014;18;4;122;443284.8914
2014-05-03;3;5;2014;18;5;123;610391.749000001
2014-05-04;4;5;2014;18;6;124;646164.863999999
2014-05-05;5;5;2014;19;0;125;427601.703999999
2014-05-06;6;5;2014;19;1;126;388945.89
2014-05-07;7;5;2014;19;2;127;391932.184
2014-05-08;8;5;2014;19;3;128;337483.7132
2014-05-09;9;5;2014;19;4;129;381333.1961
2014-05-10;10;5;2014;19;5;130;577012.027000001
2014-05-11;11;5;2014;19;6;131;454512.929
2014-05-12;12;5;2014;20;0;132;398251.889000001
2014-05-13;13;5;2014;20;1;133;360734.523000001
2014-05-14;14;5;2014;20;2;134;356373.807
2014-05-15;15;5;2014;20;3;135;332272.829699999
2014-05-16;16;5;2014;20;4;136;380822.7426
2014-05-17;17;5;2014;20;5;137;537873.964000001
2014-05-18;18;5;2014;20;6;138;634519.737
2014-05-19;19;5;2014;21;0;139;388814.745
2014-05-20;20;5;2014;21;1;140;354372.34
2014-05-21;21;5;2014;21;2;141;356898.483000001
2014-05-22;22;5;2014;21;3;142;310660.1426
2014-05-23;23;5;2014;21;4;143;349549.8927
2014-05-24;24;5;2014;21;5;144;516627.262000001
2014-05-25;25;5;2014;21;6;145;573412.21
2014-05-26;26;5;2014;22;0;146;373831.086
2014-05-27;27;5;2014;22;1;147;327642.143
2014-05-28;28;5;2014;22;2;148;338481.784
2014-05-29;29;5;2014;22;3;149;326624.577399999
2014-05-30;30;5;2014;22;4;150;375782.640000001
2014-05-31;31;5;2014;22;5;151;597192.467999998
2014-06-01;1;6;2014;22;6;152;742732.83
2014-06-02;2;6;2014;23;0;153;512725.772999999
2014-06-03;3;6;2014;23;1;154;443636.188
2014-06-04;4;6;2014;23;2;155;423283.495
2014-06-05;5;6;2014;23;3;156;359474.5138
2014-06-06;6;6;2014;23;4;157;391266.1253
2014-06-07;7;6;2014;23;5;158;557142.460999999
2014-06-08;8;6;2014;23;6;159;626026.957
2014-06-09;9;6;2014;24;0;160;415798.945999999
2014-06-10;10;6;2014;24;1;161;351689.423
2014-06-11;11;6;2014;24;2;162;373828.164
2014-06-12;12;6;2014;24;3;163;329408.0674
2014-06-13;13;6;2014;24;4;164;392308.3748
2014-06-14;14;6;2014;24;5;165;622072.988999999
2014-06-15;15;6;2014;24;6;166;441279.934
2014-06-16;16;6;2014;25;0;167;447450.239999999
2014-06-17;17;6;2014;25;1;168;380396.036
2014-06-18;18;6;2014;25;2;169;373403.664000001
2014-06-19;19;6;2014;25;3;170;332280.935
2014-06-20;20;6;2014;25;4;171;369206.7896
2014-06-21;21;6;2014;25;5;172;538613.855000001
2014-06-22;22;6;2014;25;6;173;591184.124
2014-06-23;23;6;2014;26;0;174;414929.636
2014-06-24;24;6;2014;26;1;175;340464.744999999
2014-06-25;25;6;2014;26;2;176;355342.398
2014-06-26;26;6;2014;26;3;177;315798.181
2014-06-27;27;6;2014;26;4;178;370793.573399999
2014-06-28;28;6;2014;26;5;179;510870.813999999
2014-06-29;29;6;2014;26;6;180;567218.885
2014-06-30;30;6;2014;27;0;181;429324.055
2014-07-01;1;7;2014;27;1;182;720480.616999998
2014-07-02;2;7;2014;27;2;183;747430.1483
2014-07-03;3;7;2014;27;3;184;583843.720800002
2014-07-04;4;7;2014;27;4;185;595424.313199999
2014-07-05;5;7;2014;27;5;186;817307.110000001
2014-07-06;6;7;2014;27;6;187;918276.596000001
2014-07-07;7;7;2014;28;0;188;638526.428999999
2014-07-08;8;7;2014;28;1;189;557291.497500001
2014-07-09;9;7;2014;28;2;190;574451.410200002
2014-07-10;10;7;2014;28;3;191;498047.549
2014-07-11;11;7;2014;28;4;192;535644.182900001
2014-07-12;12;7;2014;28;5;193;756698.751999999
2014-07-13;13;7;2014;28;6;194;733653.779999999
2014-07-14;14;7;2014;29;0;195;584867.151000001
2014-07-15;15;7;2014;29;1;196;562860.027000001
2014-07-16;16;7;2014;29;2;197;621336.494000003
2014-07-17;17;7;2014;29;3;198;498221.705000001
2014-07-18;18;7;2014;29;4;199;547619.059000001
2014-07-19;19;7;2014;29;5;200;728988.225999999
2014-07-20;20;7;2014;29;6;201;776474.117999999
2014-07-21;21;7;2014;30;0;202;600228.43
2014-07-22;22;7;2014;30;1;203;530276.04
2014-07-23;23;7;2014;30;2;204;574168.636000002
2014-07-24;24;7;2014;30;3;205;484618.817000002
2014-07-25;25;7;2014;30;4;206;579767.285
2014-07-26;26;7;2014;30;5;207;688919.549999998
2014-07-27;27;7;2014;30;6;208;747307.867000001
2014-07-28;28;7;2014;31;0;209;583936.685000001
2014-07-29;29;7;2014;31;1;210;524743.325
2014-07-30;30;7;2014;31;2;211;578056.9652
2014-07-31;31;7;2014;31;3;212;532423.558
2014-08-01;1;8;2014;31;4;213;506826.795
2014-08-02;2;8;2014;31;5;214;626533.638
2014-08-03;3;8;2014;31;6;215;625898.206000002
2014-08-04;4;8;2014;32;0;216;471173.304
2014-08-05;5;8;2014;32;1;217;417197.476
2014-08-06;6;8;2014;32;2;218;402914.371
2014-08-07;7;8;2014;32;3;219;359701.533
2014-08-08;8;8;2014;32;4;220;397759.939
2014-08-09;9;8;2014;32;5;221;496192.787
2014-08-10;10;8;2014;32;6;222;509681.765
2014-08-11;11;8;2014;33;0;223;409544.574999999
2014-08-12;12;8;2014;33;1;224;353897.212000001
2014-08-13;13;8;2014;33;2;225;372115.544999999
2014-08-14;14;8;2014;33;3;226;340740.816999999
2014-08-15;15;8;2014;33;4;227;402631.84
2014-08-16;16;8;2014;33;5;228;533996.155
2014-08-17;17;8;2014;33;6;229;564443.173000001
2014-08-18;18;8;2014;34;0;230;433041.299
2014-08-19;19;8;2014;34;1;231;379329.952999999
2014-08-20;20;8;2014;34;2;232;398102.791
2014-08-21;21;8;2014;34;3;233;355108.875
2014-08-22;22;8;2014;34;4;234;388359.8984
2014-08-23;23;8;2014;34;5;235;499678.207999999
2014-08-24;24;8;2014;34;6;236;528990.561000001
2014-08-25;25;8;2014;35;0;237;412250.075
2014-08-26;26;8;2014;35;1;238;355053.908
2014-08-27;27;8;2014;35;2;239;366321.498000001
2014-08-28;28;8;2014;35;3;240;327912.427
2014-08-29;29;8;2014;35;4;241;403288.917000001
2014-08-30;30;8;2014;35;5;242;586373.694
2014-08-31;31;8;2014;35;6;243;660088.183
2014-09-01;1;9;2014;36;0;244;812526.219000001
2014-09-02;2;9;2014;36;1;245;717351.552999999
2014-09-03;3;9;2014;36;2;246;726683.863
2014-09-04;4;9;2014;36;3;247;551340.076999999
2014-09-05;5;9;2014;36;4;248;603043.2419
2014-09-06;6;9;2014;36;5;249;870139.445999997
2014-09-07;7;9;2014;36;6;250;997964.078
2014-09-08;8;9;2014;37;0;251;648651.744999999
2014-09-09;9;9;2014;37;1;252;562420.568000001
2014-09-10;10;9;2014;37;2;253;612987.472000002
2014-09-11;11;9;2014;37;3;254;483462.953000001
2014-09-12;12;9;2014;37;4;255;564382.848000002
2014-09-13;13;9;2014;37;5;256;795802.238000003
2014-09-14;14;9;2014;37;6;257;896501.561999998
2014-09-15;15;9;2014;38;0;258;630710.573000001
2014-09-16;16;9;2014;38;1;259;608239.973000001
2014-09-17;17;9;2014;38;2;260;617472.344000002
2014-09-18;18;9;2014;38;3;261;479500.843000001
2014-09-19;19;9;2014;38;4;262;550212.094000001
2014-09-20;20;9;2014;38;5;263;808490.763
2014-09-21;21;9;2014;38;6;264;901420.451
2014-09-22;22;9;2014;39;0;265;589120.294000001
2014-09-23;23;9;2014;39;1;266;559954.304
2014-09-24;24;9;2014;39;2;267;598183.114699999
2014-09-25;25;9;2014;39;3;268;466867.377
2014-09-26;26;9;2014;39;4;269;515474.224
2014-09-27;27;9;2014;39;5;270;781201.368000001
2014-09-28;28;9;2014;39;6;271;886531.790000001
2014-09-29;29;9;2014;40;0;272;586682.822000001
2014-09-30;30;9;2014;40;1;273;599093.915699999
2014-10-01;1;10;2014;40;2;274;784500.254800002
2014-10-02;2;10;2014;40;3;275;634306.518999999
2014-10-03;3;10;2014;40;4;276;675639.295
2014-10-04;4;10;2014;40;5;277;931317.512999998
2014-10-05;5;10;2014;40;6;278;985466.962999998
2014-10-06;6;10;2014;41;0;279;641480.756999999
2014-10-07;7;10;2014;41;1;280;586371.271
2014-10-08;8;10;2014;41;2;281;620201.323699998
2014-10-09;9;10;2014;41;3;282;510519.923000002
2014-10-10;10;10;2014;41;4;283;702470.318
2014-10-11;11;10;2014;41;5;284;748309.154000001
2014-10-12;12;10;2014;41;6;285;843971.133000001
2014-10-13;13;10;2014;42;0;286;611726.926000001
2014-10-14;14;10;2014;42;1;287;550589.573300002
2014-10-15;15;10;2014;42;2;288;624797.4692
2014-10-16;16;10;2014;42;3;289;538252.607
2014-10-17;17;10;2014;42;4;290;558538.136
2014-10-18;18;10;2014;42;5;291;820840.970999998
2014-10-19;19;10;2014;42;6;292;935410.595999998
2014-10-20;20;10;2014;43;0;293;624628.991000001
2014-10-21;21;10;2014;43;1;294;542207.1653
2014-10-22;22;10;2014;43;2;295;584926.356000001
2014-10-23;23;10;2014;43;3;296;492233.232
2014-10-24;24;10;2014;43;4;297;528403.68
2014-10-25;25;10;2014;43;5;298;758926.230999999
2014-10-26;26;10;2014;43;6;299;892128.499
2014-10-27;27;10;2014;44;0;300;572783.902000002
2014-10-28;28;10;2014;44;1;301;512678.811700002
2014-10-29;29;10;2014;44;2;302;560819.678000001
2014-10-30;30;10;2014;44;3;303;459715.266099999
2014-10-31;31;10;2014;44;4;304;561875.071999999
2014-11-01;1;11;2014;44;5;305;873539.248000002
2014-11-02;2;11;2014;44;6;306;709851.492000003
2014-11-03;3;11;2014;45;0;307;973192.042
2014-11-04;4;11;2014;45;1;308;702751.9537
2014-11-05;5;11;2014;45;2;309;718799.939000001
2014-11-06;6;11;2014;45;3;310;566118.381
2014-11-07;7;11;2014;45;4;311;585330.258000001
2014-11-08;8;11;2014;45;5;312;816064.645000001
2014-11-09;9;11;2014;45;6;313;941478.421999997
2014-11-10;10;11;2014;46;0;314;593376.793
2014-11-11;11;11;2014;46;1;315;552505.750299999
2014-11-12;12;11;2014;46;2;316;588092.484
2014-11-13;13;11;2014;46;3;317;468057.387000001
2014-11-14;14;11;2014;46;4;318;553007.971000001
2014-11-15;15;11;2014;46;5;319;786124.201000001
2014-11-16;16;11;2014;46;6;320;956619.402
2014-11-17;17;11;2014;47;0;321;620876.340000001
2014-11-18;18;11;2014;47;1;322;553367.204299998
2014-11-19;19;11;2014;47;2;323;580234.0113
2014-11-20;20;11;2014;47;3;324;511855.760999999
2014-11-21;21;11;2014;47;4;325;567978.733000001
2014-11-22;22;11;2014;47;5;326;763720.148999999
2014-11-23;23;11;2014;47;6;327;907432.657999999
2014-11-24;24;11;2014;48;0;328;610847.957000002
2014-11-25;25;11;2014;48;1;329;541225.607999999
2014-11-26;26;11;2014;48;2;330;579125.306000001
2014-11-27;27;11;2014;48;3;331;475823.897
2014-11-28;28;11;2014;48;4;332;559619.825000002
2014-11-29;29;11;2014;48;5;333;850925.104999999
2014-11-30;30;11;2014;48;6;334;1023691.282
2014-12-01;1;12;2014;49;0;335;817413.561999998
2014-12-02;2;12;2014;49;1;336;735319.184
2014-12-03;3;12;2014;49;2;337;715126.6146
2014-12-04;4;12;2014;49;3;338;578961.517
2014-12-05;5;12;2014;49;4;339;635445.152999999
2014-12-06;6;12;2014;49;5;340;829386.706
2014-12-07;7;12;2014;49;6;341;1013889.808
2014-12-08;8;12;2014;50;0;342;790283.290999999
2014-12-09;9;12;2014;50;1;343;665123.963
2014-12-10;10;12;2014;50;2;344;732121.0331
2014-12-11;11;12;2014;50;3;345;580542.179
2014-12-12;12;12;2014;50;4;346;642760.387000004
2014-12-13;13;12;2014;50;5;347;854830.906000001
2014-12-14;14;12;2014;50;6;348;999106.133000001
2014-12-15;15;12;2014;51;0;349;790179.946000003
2014-12-16;16;12;2014;51;1;350;799067.055999998
2014-12-17;17;12;2014;51;2;351;779966.499
2014-12-18;18;12;2014;51;3;352;731938.48
2014-12-19;19;12;2014;51;4;353;757349.376000001
2014-12-20;20;12;2014;51;5;354;935555.525
2014-12-21;21;12;2014;51;6;355;1056605.2
2014-12-22;22;12;2014;52;0;356;1008143.346
2014-12-23;23;12;2014;52;1;357;1064977.974
2014-12-24;24;12;2014;52;2;358;965982.871999997
2014-12-26;26;12;2014;52;4;360;872098.456999998
2014-12-27;27;12;2014;52;5;361;740596.159
2014-12-28;28;12;2014;52;6;362;716329.635
2014-12-29;29;12;2014;1;0;363;773996.401000001
2014-12-30;30;12;2014;1;1;364;912970.532999997
2014-12-31;31;12;2014;1;2;365;844380.47
2015-01-01;1;1;2015;1;3;1;12773.617
2015-01-02;2;1;2015;1;4;2;657763.391999999
2015-01-03;3;1;2015;1;5;3;648880.687000001
2015-01-04;4;1;2015;1;6;4;730923.776
2015-01-05;5;1;2015;2;0;5;569267.297999999
2015-01-06;6;1;2015;2;1;6;477886.740999999
2015-01-07;7;1;2015;2;2;7;494160.85
2015-01-08;8;1;2015;2;3;8;417482.689
2015-01-09;9;1;2015;2;4;9;439381.226000001
2015-01-10;10;1;2015;2;5;10;569956.908
2015-01-11;11;1;2015;2;6;11;694860.951000002
2015-01-12;12;1;2015;3;0;12;442845.544
2015-01-13;13;1;2015;3;1;13;393799.993
2015-01-14;14;1;2015;3;2;14;400923.971
2015-01-15;15;1;2015;3;3;15;371146.144999999
2015-01-16;16;1;2015;3;4;16;423599.935999999
2015-01-17;17;1;2015;3;5;17;621865.434
2015-01-18;18;1;2015;3;6;18;678277.031000001
2015-01-19;19;1;2015;4;0;19;448217.897
2015-01-20;20;1;2015;4;1;20;405308.776999999
2015-01-21;21;1;2015;4;2;21;413202.592
2015-01-22;22;1;2015;4;3;22;364862.539000001
2015-01-23;23;1;2015;4;4;23;416936.182
2015-01-24;24;1;2015;4;5;24;588849.870999999
2015-01-25;25;1;2015;4;6;25;631623.951
2015-01-26;26;1;2015;5;0;26;410009.618
2015-01-27;27;1;2015;5;1;27;360009.85
2015-01-28;28;1;2015;5;2;28;376935.916
2015-01-29;29;1;2015;5;3;29;343062.161
2015-01-30;30;1;2015;5;4;30;435899.672
2015-01-31;31;1;2015;5;5;31;656205.842
2015-02-01;1;2;2015;5;6;32;815294.476000002
2015-02-02;2;2;2015;6;0;33;538301.887
2015-02-03;3;2;2015;6;1;34;475249.843000001
2015-02-04;4;2;2015;6;2;35;451923.147
2015-02-05;5;2;2015;6;3;36;407491.968
2015-02-06;6;2;2015;6;4;37;437147.545
2015-02-07;7;2;2015;6;5;38;599911.595
2015-02-08;8;2;2015;6;6;39;622994.231999999
2015-02-09;9;2;2015;7;0;40;458002.152
2015-02-10;10;2;2015;7;1;41;400825.985
2015-02-11;11;2;2015;7;2;42;400115.333
2015-02-12;12;2;2015;7;3;43;384963.143
2015-02-13;13;2;2015;7;4;44;493265.468
2015-02-14;14;2;2015;7;5;45;562855.068
2015-02-15;15;2;2015;7;6;46;434886.672000001
2015-02-16;16;2;2015;8;0;47;420740.904000001
2015-02-17;17;2;2015;8;1;48;483088.134000001
2015-02-18;18;2;2015;8;2;49;497499.057999999
2015-02-19;19;2;2015;8;3;50;436359.905999999
2015-02-20;20;2;2015;8;4;51;483681.015000001
2015-02-21;21;2;2015;8;5;52;572753.075
2015-02-22;22;2;2015;8;6;53;691339.068000001
2015-02-23;23;2;2015;9;0;54;443349.891
2015-02-24;24;2;2015;9;1;55;407890.277999999
2015-02-25;25;2;2015;9;2;56;395774.953999999
2015-02-26;26;2;2015;9;3;57;354938.227000001
2015-02-27;27;2;2015;9;4;58;436488.425
2015-02-28;28;2;2015;9;5;59;635263.399999999
2015-03-01;1;3;2015;9;6;60;820434.979000001
2015-03-02;2;3;2015;10;0;61;546037.788
2015-03-03;3;3;2015;10;1;62;492365.241000001
2015-03-04;4;3;2015;10;2;63;483330.547999998
2015-03-05;5;3;2015;10;3;64;428599.809
2015-03-06;6;3;2015;10;4;65;463723.975
2015-03-07;7;3;2015;10;5;66;657377.211000001
2015-03-08;8;3;2015;10;6;67;659563.412
2015-03-09;9;3;2015;11;0;68;480371.95
2015-03-10;10;3;2015;11;1;69;457881.764000001
2015-03-11;11;3;2015;11;2;70;425617.727000001
2015-03-12;12;3;2015;11;3;71;382588.668999999
2015-03-13;13;3;2015;11;4;72;434805.995
2015-03-14;14;3;2015;11;5;73;616609.760999998
2015-03-15;15;3;2015;11;6;74;662700.872
2015-03-16;16;3;2015;12;0;75;466598.426000001
2015-03-17;17;3;2015;12;1;76;415359.516
2015-03-18;18;3;2015;12;2;77;398630
2015-03-19;19;3;2015;12;3;78;373324.383
2015-03-20;20;3;2015;12;4;79;467687.944999999
2015-03-21;21;3;2015;12;5;80;624099.228
2015-03-22;22;3;2015;12;6;81;646466.402
2015-03-23;23;3;2015;13;0;82;462664.237
2015-03-24;24;3;2015;13;1;83;407369.722
2015-03-25;25;3;2015;13;2;84;408258.19
2015-03-26;26;3;2015;13;3;85;367006.956999998
2015-03-27;27;3;2015;13;4;86;436906.609
2015-03-28;28;3;2015;13;5;87;589854.704000001
2015-03-29;29;3;2015;13;6;88;641213.769999999
2015-03-30;30;3;2015;14;0;89;437878.835
2015-03-31;31;3;2015;14;1;90;443278.893
2015-04-01;1;4;2015;14;2;91;557223.160999999
2015-04-02;2;4;2015;14;3;92;524588.902
2015-04-03;3;4;2015;14;4;93;510296.786
2015-04-04;4;4;2015;14;5;94;653894.196
2015-04-05;5;4;2015;14;6;95;659669.576999998
2015-04-06;6;4;2015;15;0;96;519734.816999999
2015-04-07;7;4;2015;15;1;97;464787.217999999
2015-04-08;8;4;2015;15;2;98;461140.213
2015-04-09;9;4;2015;15;3;99;398718.316000001
2015-04-10;10;4;2015;15;4;100;445869.298
2015-04-11;11;4;2015;15;5;101;610603.017
2015-04-12;12;4;2015;15;6;102;659939.024000002
2015-04-13;13;4;2015;16;0;103;453723.756000001
2015-04-14;14;4;2015;16;1;104;403623.397
2015-04-15;15;4;2015;16;2;105;438106.288
2015-04-16;16;4;2015;16;3;106;418643.194000001
2015-04-17;17;4;2015;16;4;107;456303.237
2015-04-18;18;4;2015;16;5;108;629155.661
2015-04-19;19;4;2015;16;6;109;684544.949999999
2015-04-20;20;4;2015;17;0;110;481694.771
2015-04-21;21;4;2015;17;1;111;426017.313
2015-04-22;22;4;2015;17;2;112;421108.210000002
2015-04-23;23;4;2015;17;3;113;392147.042000001
2015-04-24;24;4;2015;17;4;114;437625.508000001
2015-04-25;25;4;2015;17;5;115;588781.513000001
2015-04-26;26;4;2015;17;6;116;625901.000999999
2015-04-27;27;4;2015;18;0;117;425049.148
2015-04-28;28;4;2015;18;1;118;374834.185000001
2015-04-29;29;4;2015;18;2;119;398724.330000001
2015-04-30;30;4;2015;18;3;120;432612.142000001
2015-05-01;1;5;2015;18;4;121;674509.400000002
2015-05-02;2;5;2015;18;5;122;711052.274000002
2015-05-03;3;5;2015;18;6;123;742887.785
2015-05-04;4;5;2015;19;0;124;556241.148
2015-05-05;5;5;2015;19;1;125;509493.227
2015-05-06;6;5;2015;19;2;126;504999.551
2015-05-07;7;5;2015;19;3;127;444082.31
2015-05-08;8;5;2015;19;4;128;481304.223
2015-05-09;9;5;2015;19;5;129;706705.439999999
2015-05-10;10;5;2015;19;6;130;558062.273000001
2015-05-11;11;5;2015;20;0;131;524864.051000001
2015-05-12;12;5;2015;20;1;132;452162.874
2015-05-13;13;5;2015;20;2;133;446915.639
2015-05-14;14;5;2015;20;3;134;395609.666
2015-05-15;15;5;2015;20;4;135;483535.538
2015-05-16;16;5;2015;20;5;136;709798.553000001
2015-05-17;17;5;2015;20;6;137;798186.132000001
2015-05-18;18;5;2015;21;0;138;496595.011000001
2015-05-19;19;5;2015;21;1;139;446375.488000001
2015-05-20;20;5;2015;21;2;140;466238.631
2015-05-21;21;5;2015;21;3;141;417006.136
2015-05-22;22;5;2015;21;4;142;458727.916999999
2015-05-23;23;5;2015;21;5;143;658882.923
2015-05-24;24;5;2015;21;6;144;738068.426999998
2015-05-25;25;5;2015;22;0;145;534802.790000001
2015-05-26;26;5;2015;22;1;146;463132.406
2015-05-27;27;5;2015;22;2;147;481804.960999999
2015-05-28;28;5;2015;22;3;148;428506.881000001
2015-05-29;29;5;2015;22;4;149;560519.530000003
2015-05-30;30;5;2015;22;5;150;855728.292
2015-05-31;31;5;2015;22;6;151;1023564.767
2015-06-01;1;6;2015;23;0;152;812081.203
2015-06-02;2;6;2015;23;1;153;753430.642000003
2015-06-03;3;6;2015;23;2;154;747929.452000002
2015-06-04;4;6;2015;23;3;155;608994.646000002
2015-06-05;5;6;2015;23;4;156;657675.125999999
2015-06-06;6;6;2015;23;5;157;904437.269999998
2015-06-07;7;6;2015;23;6;158;1070695.918
2015-06-08;8;6;2015;24;0;159;696952.811999998
2015-06-09;9;6;2015;24;1;160;623725.106999999
2015-06-10;10;6;2015;24;2;161;641435.371999999
2015-06-11;11;6;2015;24;3;162;510018.149
2015-06-12;12;6;2015;24;4;163;606616.001000001
2015-06-13;13;6;2015;24;5;164;840727.775999995
2015-06-14;14;6;2015;24;6;165;967745.720999995
2015-06-15;15;6;2015;25;0;166;666557.132000001
2015-06-16;16;6;2015;25;1;167;672637.824
2015-06-17;17;6;2015;25;2;168;677170.156999999
2015-06-18;18;6;2015;25;3;169;556155.039000001
2015-06-19;19;6;2015;25;4;170;659233.570999999
2015-06-20;20;6;2015;25;5;171;936951.654000002
2015-06-21;21;6;2015;25;6;172;790568.421
2015-06-22;22;6;2015;26;0;173;688968.228999997
2015-06-23;23;6;2015;26;1;174;640322.326000002
2015-06-24;24;6;2015;26;2;175;643411.714000001
2015-06-25;25;6;2015;26;3;176;518700.956
2015-06-26;26;6;2015;26;4;177;593299.460999999
2015-06-27;27;6;2015;26;5;178;831492.464000001
2015-06-28;28;6;2015;26;6;179;976563.589
2015-06-29;29;6;2015;27;0;180;639072.191999999
2015-06-30;30;6;2015;27;1;181;669548.425000001
2015-07-01;1;7;2015;27;2;182;885953.201
2015-07-02;2;7;2015;27;3;183;705642.281999998
2015-07-03;3;7;2015;27;4;184;772773.393999998
2015-07-04;4;7;2015;27;5;185;1018541.843
2015-07-05;5;7;2015;27;6;186;982427.681999998
2015-07-06;6;7;2015;28;0;187;754949.708999999
2015-07-07;7;7;2015;28;1;188;654821.051000001
2015-07-08;8;7;2015;28;2;189;732992.129999998
2015-07-09;9;7;2015;28;3;190;605032.496
2015-07-10;10;7;2015;28;4;191;643986.381000001
2015-07-11;11;7;2015;28;5;192;794984.703
2015-07-12;12;7;2015;28;6;193;898731.936999999
2015-07-13;13;7;2015;29;0;194;647967.077999999
2015-07-14;14;7;2015;29;1;195;601452.258
2015-07-15;15;7;2015;29;2;196;664505.1
2015-07-16;16;7;2015;29;3;197;584042.727000002
2015-07-17;17;7;2015;29;4;198;653451.171
2015-07-18;18;7;2015;29;5;199;826353.336
2015-07-19;19;7;2015;29;6;200;894707.298999997
2015-07-20;20;7;2015;30;0;201;685961.243999999
2015-07-21;21;7;2015;30;1;202;607836.499000002
2015-07-22;22;7;2015;30;2;203;631385.408999999
2015-07-23;23;7;2015;30;3;204;541511.420999999
2015-07-24;24;7;2015;30;4;205;635244.244999999
2015-07-25;25;7;2015;30;5;206;797427.520999998
2015-07-26;26;7;2015;30;6;207;875032.035999999
2015-07-27;27;7;2015;31;0;208;652999.194000001
2015-07-28;28;7;2015;31;1;209;594977.667000001
2015-07-29;29;7;2015;31;2;210;625449.981000001
2015-07-30;30;7;2015;31;3;211;543393.593000001
2015-07-31;31;7;2015;31;4;212;695083.448999998
2015-08-01;1;8;2015;31;5;213;1044894.79
2015-08-02;2;8;2015;31;6;214;1043495.475
2015-08-03;3;8;2015;32;0;215;811119.834000001
2015-08-04;4;8;2015;32;1;216;726613.358000001
2015-08-05;5;8;2015;32;2;217;724346.594000002
2015-08-06;6;8;2015;32;3;218;583375.211999998
2015-08-07;7;8;2015;32;4;219;663326.518000001
2015-08-08;8;8;2015;32;5;220;784099.216000001
2015-08-09;9;8;2015;32;6;221;679410.125
2015-08-10;10;8;2015;33;0;222;785477.933999998
2015-08-11;11;8;2015;33;1;223;668280.358000001
2015-08-12;12;8;2015;33;2;224;678064.731999998
2015-08-13;13;8;2015;33;3;225;557859.478000002
2015-08-14;14;8;2015;33;4;226;734484.205
2015-08-15;15;8;2015;33;5;227;936339.025999999
2015-08-16;16;8;2015;33;6;228;913846.624999997
2015-08-17;17;8;2015;34;0;229;694747.162
2015-08-18;18;8;2015;34;1;230;629475.643
2015-08-19;19;8;2015;34;2;231;653733.360000001
2015-08-20;20;8;2015;34;3;232;569443.703999999
2015-08-21;21;8;2015;34;4;233;653281.207999997
2015-08-22;22;8;2015;34;5;234;803270.158
2015-08-23;23;8;2015;34;6;235;865755.397000001
2015-08-24;24;8;2015;35;0;236;681575.990000002
2015-08-25;25;8;2015;35;1;237;624698.337999999
2015-08-26;26;8;2015;35;2;238;640075.990999999
2015-08-27;27;8;2015;35;3;239;548043.327000001
2015-08-28;28;8;2015;35;4;240;635737.231999998
2015-08-29;29;8;2015;35;5;241;876953.096999998
2015-08-30;30;8;2015;35;6;242;975697.601999998
2015-08-31;31;8;2015;36;0;243;776152.552
2015-09-01;1;9;2015;36;1;244;906549.992999998
2015-09-02;2;9;2015;36;2;245;879033.091999998
2015-09-03;3;9;2015;36;3;246;707093.042000001
2015-09-04;4;9;2015;36;4;247;736395.303
2015-09-05;5;9;2015;36;5;248;1052868.395
2015-09-06;6;9;2015;36;6;249;1147642.583
2015-09-07;7;9;2015;37;0;250;767382.776000001
2015-09-08;8;9;2015;37;1;251;677312.236
2015-09-09;9;9;2015;37;2;252;705633.499999998
2015-09-10;10;9;2015;37;3;253;577743.795
2015-09-11;11;9;2015;37;4;254;651330.168000002
2015-09-12;12;9;2015;37;5;255;921524.435999999
2015-09-13;13;9;2015;37;6;256;1023345.319
2015-09-14;14;9;2015;38;0;257;688405.190000001
2015-09-15;15;9;2015;38;1;258;682134.353999999
2015-09-16;16;9;2015;38;2;259;742089.668000001
2015-09-17;17;9;2015;38;3;260;593577.802000001
2015-09-18;18;9;2015;38;4;261;653805.875
2015-09-19;19;9;2015;38;5;262;935893.481000001
2015-09-20;20;9;2015;38;6;263;1037532.86
2015-09-21;21;9;2015;39;0;264;717725.376999999
2015-09-22;22;9;2015;39;1;265;641914.739000001
2015-09-23;23;9;2015;39;2;266;690419.721999999
2015-09-24;24;9;2015;39;3;267;557321.610999998
2015-09-25;25;9;2015;39;4;268;646083.875
2015-09-26;26;9;2015;39;5;269;890486.06
2015-09-27;27;9;2015;39;6;270;1018062.964
2015-09-28;28;9;2015;40;0;271;671261.064000001
2015-09-29;29;9;2015;40;1;272;609130.658
2015-09-30;30;9;2015;40;2;273;711182.538999997
2015-10-01;1;10;2015;40;3;274;796340.859
2015-10-02;2;10;2015;40;4;275;830719.388000001
2015-10-03;3;10;2015;40;5;276;1179376.177
2015-10-04;4;10;2015;40;6;277;1234130.939
2015-10-05;5;10;2015;41;0;278;809524.837999999
2015-10-06;6;10;2015;41;1;279;696169.276000002
2015-10-07;7;10;2015;41;2;280;720562.330999997
2015-10-08;8;10;2015;41;3;281;603066.029999998
2015-10-09;9;10;2015;41;4;282;873934.719
2015-10-10;10;10;2015;41;5;283;867556.973000002
2015-10-11;11;10;2015;41;6;284;973329.204
2015-10-12;12;10;2015;42;0;285;721629.572000002
2015-10-13;13;10;2015;42;1;286;585141.554
2015-10-14;14;10;2015;42;2;287;688198.106000001
2015-10-15;15;10;2015;42;3;288;577952.197
2015-10-16;16;10;2015;42;4;289;693829.352
2015-10-17;17;10;2015;42;5;290;958052.958
2015-10-18;18;10;2015;42;6;291;1071477.103
2015-10-19;19;10;2015;43;0;292;699259.487999997
2015-10-20;20;10;2015;43;1;293;660308.361000002
2015-10-21;21;10;2015;43;2;294;672847.346000003
2015-10-22;22;10;2015;43;3;295;547020.047
2015-10-23;23;10;2015;43;4;296;639040.605999998
2015-10-24;24;10;2015;43;5;297;859950.711
2015-10-25;25;10;2015;43;6;298;1018783.142
2015-10-26;26;10;2015;44;0;299;649914.352000001
2015-10-27;27;10;2015;44;1;300;587066.101000001
2015-10-28;28;10;2015;44;2;301;599387.122000001
2015-10-29;29;10;2015;44;3;302;511860.069
2015-10-30;30;10;2015;44;4;303;635875.891
2015-10-31;31;10;2015;44;5;304;915956.852000003
2015-11-01;1;11;2015;44;6;305;819250.388
2015-11-02;2;11;2015;45;0;306;762549.795000001
2015-11-03;3;11;2015;45;1;307;1033439.133
2015-11-04;4;11;2015;45;2;308;855494.44
2015-11-05;5;11;2015;45;3;309;649662.671000002
2015-11-06;6;11;2015;45;4;310;671145.787999997
2015-11-07;7;11;2015;45;5;311;929723.344
2015-11-08;8;11;2015;45;6;312;1077361.956
2015-11-09;9;11;2015;46;0;313;683644.902000003
2015-11-10;10;11;2015;46;1;314;623529.179000001
2015-11-11;11;11;2015;46;2;315;689746.211999997
2015-11-12;12;11;2015;46;3;316;506937.664000001
2015-11-13;13;11;2015;46;4;317;626674.025000002
2015-11-14;14;11;2015;46;5;318;867597.332999998
2015-11-15;15;11;2015;46;6;319;1056159.462
2015-11-16;16;11;2015;47;0;320;716508.709000001
2015-11-17;17;11;2015;47;1;321;618919.988000003
2015-11-18;18;11;2015;47;2;322;683954.187000003
2015-11-19;19;11;2015;47;3;323;560452.567
2015-11-20;20;11;2015;47;4;324;665619.668
2015-11-21;21;11;2015;47;5;325;863726.881999998
2015-11-22;22;11;2015;47;6;326;1015844.285
2015-11-23;23;11;2015;48;0;327;696685.461000001
2015-11-24;24;11;2015;48;1;328;612710.201
2015-11-25;25;11;2015;48;2;329;658917.829999998
2015-11-26;26;11;2015;48;3;330;530358.33
2015-11-27;27;11;2015;48;4;331;645086.035999998
2015-11-28;28;11;2015;48;5;332;850596.003999999
2015-11-29;29;11;2015;48;6;333;1070619.803
2015-11-30;30;11;2015;49;0;334;762036.123999999
2015-12-01;1;12;2015;49;1;335;857620.942999999
2015-12-02;2;12;2015;49;2;336;867269.576000002
2015-12-03;3;12;2015;49;3;337;676883.032000001
2015-12-04;4;12;2015;49;4;338;749354.132
2015-12-05;5;12;2015;49;5;339;966202.367999998
2015-12-06;6;12;2015;49;6;340;1143119.319
2015-12-07;7;12;2015;50;0;341;822334.709
2015-12-08;8;12;2015;50;1;342;712569.169999999
2015-12-09;9;12;2015;50;2;343;747893.782000003
2015-12-10;10;12;2015;50;3;344;657427.179
2015-12-11;11;12;2015;50;4;345;708392.808000002
2015-12-12;12;12;2015;50;5;346;915667.883999999
2015-12-13;13;12;2015;50;6;347;1059425.421
2015-12-14;14;12;2015;51;0;348;811613.722000001
2015-12-15;15;12;2015;51;1;349;779809.953000003
2015-12-16;16;12;2015;51;2;350;859930.249000002
2015-12-17;17;12;2015;51;3;351;809809.748999999
2015-12-18;18;12;2015;51;4;352;893569.901999996
2015-12-19;19;12;2015;51;5;353;1095523.518
2015-12-20;20;12;2015;51;6;354;1175416.964
2015-12-21;21;12;2015;52;0;355;1072887.477
2015-12-22;22;12;2015;52;1;356;1141861.91
2015-12-23;23;12;2015;52;2;357;1196146.058
2015-12-24;24;12;2015;52;3;358;1083680.315
2015-12-26;26;12;2015;52;5;360;946725.191
2015-12-27;27;12;2015;52;6;361;837714.128999998
2015-12-28;28;12;2015;53;0;362;789678.912999999
2015-12-29;29;12;2015;53;1;363;870762.025999999
2015-12-30;30;12;2015;53;2;364;1030043.736
2015-12-31;31;12;2015;53;3;365;964641.541000004
2016-01-01;1;1;2016;53;4;1;16433.394
2016-01-02;2;1;2016;53;5;2;1066677.424
2016-01-03;3;1;2016;53;6;3;1226735.718
2016-01-04;4;1;2016;1;0;4;955956.874999998
2016-01-05;5;1;2016;1;1;5;835305.439000001
2016-01-06;6;1;2016;1;2;6;821685.656000001
2016-01-07;7;1;2016;1;3;7;653504.367000001
2016-01-08;8;1;2016;1;4;8;713608.334000002
2016-01-09;9;1;2016;1;5;9;989208.458
2016-01-10;10;1;2016;1;6;10;1094693.837
2016-01-11;11;1;2016;2;0;11;705495.241
2016-01-12;12;1;2016;2;1;12;647057.460999998
2016-01-13;13;1;2016;2;2;13;660045.316999997
2016-01-14;14;1;2016;2;3;14;561972.623000002
2016-01-15;15;1;2016;2;4;15;671027.1
2016-01-16;16;1;2016;2;5;16;959827.147000002
2016-01-17;17;1;2016;2;6;17;1057997.343
2016-01-18;18;1;2016;3;0;18;709784.23
2016-01-19;19;1;2016;3;1;19;630929.751000003
2016-01-20;20;1;2016;3;2;20;738744.013000002
2016-01-21;21;1;2016;3;3;21;552820.769
2016-01-22;22;1;2016;3;4;22;648430.428
2016-01-23;23;1;2016;3;5;23;906754.833999998
2016-01-24;24;1;2016;3;6;24;980927.757999998
2016-01-25;25;1;2016;4;0;25;658090.686999998
2016-01-26;26;1;2016;4;1;26;609465.787999997
2016-01-27;27;1;2016;4;2;27;647253.677999998
2016-01-28;28;1;2016;4;3;28;533709.849
2016-01-29;29;1;2016;4;4;29;660492.757999996
2016-01-30;30;1;2016;4;5;30;969938.377
2016-01-31;31;1;2016;4;6;31;1093211.229
2016-02-01;1;2;2016;5;0;32;872063.315
2016-02-02;2;2;2016;5;1;33;765233.208
2016-02-03;3;2;2016;5;2;34;772360.939
2016-02-04;4;2;2016;5;3;35;650328.167000001
2016-02-05;5;2;2016;5;4;36;768586.508000001
2016-02-06;6;2;2016;5;5;37;941954.076000002
2016-02-07;7;2;2016;5;6;38;697791.631000003
2016-02-08;8;2;2016;6;0;39;636542.677
2016-02-09;9;2;2016;6;1;40;746939.639999998
2016-02-10;10;2;2016;6;2;41;790988.714
2016-02-11;11;2;2016;6;3;42;646375.371
2016-02-12;12;2;2016;6;4;43;698152.070000003
2016-02-13;13;2;2016;6;5;44;859023.027000001
2016-02-14;14;2;2016;6;6;45;940214.498999998
2016-02-15;15;2;2016;7;0;46;746671.29
2016-02-16;16;2;2016;7;1;47;719111.886
2016-02-17;17;2;2016;7;2;48;723794.722000001
2016-02-18;18;2;2016;7;3;49;570072.678
2016-02-19;19;2;2016;7;4;50;672510.134000001
2016-02-20;20;2;2016;7;5;51;883790.221000002
2016-02-21;21;2;2016;7;6;52;991384.270000002
2016-02-22;22;2;2016;8;0;53;698907.635999999
2016-02-23;23;2;2016;8;1;54;641329.061
2016-02-24;24;2;2016;8;2;55;675573.377999999
2016-02-25;25;2;2016;8;3;56;557959.328000001
2016-02-26;26;2;2016;8;4;57;641922.802000001
2016-02-27;27;2;2016;8;5;58;916704.069000001
2016-02-28;28;2;2016;8;6;59;994502.726999998
2016-02-29;29;2;2016;9;0;60;726619.758
2016-03-01;1;3;2016;9;1;61;897927.642999995
2016-03-02;2;3;2016;9;2;62;878452.364999998
2016-03-03;3;3;2016;9;3;63;671564.752
2016-03-04;4;3;2016;9;4;64;747546.796000001
2016-03-05;5;3;2016;9;5;65;1028620.677
2016-03-06;6;3;2016;9;6;66;1078958.509
2016-03-07;7;3;2016;10;0;67;738126.524
2016-03-08;8;3;2016;10;1;68;642291.345000002
2016-03-09;9;3;2016;10;2;69;694645.848999999
2016-03-10;10;3;2016;10;3;70;572491.856999997
2016-03-11;11;3;2016;10;4;71;664893.512999999
2016-03-12;12;3;2016;10;5;72;898101.109999996
2016-03-13;13;3;2016;10;6;73;954980.329999999
2016-03-14;14;3;2016;11;0;74;668066.392999998
2016-03-15;15;3;2016;11;1;75;668183.703000001
2016-03-16;16;3;2016;11;2;76;739805.378000002
2016-03-17;17;3;2016;11;3;77;580452.532
2016-03-18;18;3;2016;11;4;78;666756.818999999
2016-03-19;19;3;2016;11;5;79;895038.511999999
2016-03-20;20;3;2016;11;6;80;929605.582000001
2016-03-21;21;3;2016;12;0;81;690469.800999999
2016-03-22;22;3;2016;12;1;82;622695.836999999
2016-03-23;23;3;2016;12;2;83;714881.174000002
2016-03-24;24;3;2016;12;3;84;660489.844999997
2016-03-25;25;3;2016;12;4;85;633524.199999999
2016-03-26;26;3;2016;12;5;86;800133.517
2016-03-27;27;3;2016;12;6;87;833336.065000002
2016-03-28;28;3;2016;13;0;88;661057.866
2016-03-29;29;3;2016;13;1;89;621166.063
2016-03-30;30;3;2016;13;2;90;660138.988999999
2016-03-31;31;3;2016;13;3;91;617374.338000002
2016-04-01;1;4;2016;13;4;92;872467.320000001
2016-04-02;2;4;2016;13;5;93;1150824.581
2016-04-03;3;4;2016;13;6;94;1266908.292
2016-04-04;4;4;2016;14;0;95;795237.191999999
2016-04-05;5;4;2016;14;1;96;725750.100999998
2016-04-06;6;4;2016;14;2;97;744784.843
2016-04-07;7;4;2016;14;3;98;587939.72
2016-04-08;8;4;2016;14;4;99;689727.195999999
2016-04-09;9;4;2016;14;5;100;927981.388999998
2016-04-10;10;4;2016;14;6;101;1008876.739
2016-04-11;11;4;2016;15;0;102;665348.963999998
2016-04-12;12;4;2016;15;1;103;651657.034000001
2016-04-13;13;4;2016;15;2;104;672611.480999999
2016-04-14;14;4;2016;15;3;105;546785.208999999
2016-04-15;15;4;2016;15;4;106;667606.299999999
2016-04-16;16;4;2016;15;5;107;862121.492000001
2016-04-17;17;4;2016;15;6;108;1271833.739
2016-04-18;18;4;2016;16;0;109;1345920.605
2016-04-19;19;4;2016;16;1;110;1152089.208
2016-04-20;20;4;2016;16;2;111;1062426.29
2016-04-21;21;4;2016;16;3;112;998132.781999999
2016-04-22;22;4;2016;16;4;113;857059.244
2016-04-23;23;4;2016;16;5;114;1022143.135
2016-04-24;24;4;2016;16;6;115;1039369.932
2016-04-25;25;4;2016;17;0;116;680000.754000002
2016-04-26;26;4;2016;17;1;117;704799.417999999
2016-04-27;27;4;2016;17;2;118;670288.098000003
2016-04-28;28;4;2016;17;3;119;543339.849
2016-04-29;29;4;2016;17;4;120;708711.429
2016-04-30;30;4;2016;17;5;121;1067335.77
2016-05-01;1;5;2016;17;6;122;1270121.208
2016-05-02;2;5;2016;18;0;123;973985.669999998
2016-05-03;3;5;2016;18;1;124;792205.55
2016-05-04;4;5;2016;18;2;125;798654.453999999
2016-05-05;5;5;2016;18;3;126;648701.603000003
2016-05-06;6;5;2016;18;4;127;761422.515999999
2016-05-07;7;5;2016;18;5;128;1068424.777
2016-05-08;8;5;2016;18;6;129;820824.638
2016-05-09;9;5;2016;19;0;130;771767.654
2016-05-10;10;5;2016;19;1;131;693010.487
2016-05-11;11;5;2016;19;2;132;727543.462999998
2016-05-12;12;5;2016;19;3;133;603394.207000001
2016-05-13;13;5;2016;19;4;134;666833.900000001
2016-05-14;14;5;2016;19;5;135;921606.520999998
2016-05-15;15;5;2016;19;6;136;1070331.667
2016-05-16;16;5;2016;20;0;137;746119.686999998
2016-05-17;17;5;2016;20;1;138;661929.839000002
2016-05-18;18;5;2016;20;2;139;671232.958999999
2016-05-19;19;5;2016;20;3;140;581470.560000001
2016-05-20;20;5;2016;20;4;141;706024.057999999
2016-05-21;21;5;2016;20;5;142;910756.163000001
2016-05-22;22;5;2016;20;6;143;1030671.623
2016-05-23;23;5;2016;21;0;144;695004.681000001
2016-05-24;24;5;2016;21;1;145;606377.205
2016-05-25;25;5;2016;21;2;146;637511.039
2016-05-26;26;5;2016;21;3;147;571968.623
2016-05-27;27;5;2016;21;4;148;852689.219
2016-05-28;28;5;2016;21;5;149;816187.22
2016-05-29;29;5;2016;21;6;150;959853.657999999
2016-05-30;30;5;2016;22;0;151;752452.419
2016-05-31;31;5;2016;22;1;152;974327.989999996
2016-06-01;1;6;2016;22;2;153;811525.320000002
2016-06-02;2;6;2016;22;3;154;694535.935999999
2016-06-03;3;6;2016;22;4;155;742363.084999998
2016-06-04;4;6;2016;22;5;156;1011996.616
2016-06-05;5;6;2016;22;6;157;1123734.436
2016-06-06;6;6;2016;23;0;158;729894.223
2016-06-07;7;6;2016;23;1;159;658714.652999998
2016-06-08;8;6;2016;23;2;160;696747.550000002
2016-06-09;9;6;2016;23;3;161;547139.612999997
2016-06-10;10;6;2016;23;4;162;637354.320000001
2016-06-11;11;6;2016;23;5;163;845838.206000002
2016-06-12;12;6;2016;23;6;164;947479.765000002
2016-06-13;13;6;2016;24;0;165;685382.193000004
2016-06-14;14;6;2016;24;1;166;622267.772999999
2016-06-15;15;6;2016;24;2;167;708327.637000001
2016-06-16;16;6;2016;24;3;168;620526.242999998
2016-06-17;17;6;2016;24;4;169;737897.438
2016-06-18;18;6;2016;24;5;170;972971.11
2016-06-19;19;6;2016;24;6;171;837363.024000001
2016-06-20;20;6;2016;25;0;172;735754.364999999
2016-06-21;21;6;2016;25;1;173;679248.022000001
2016-06-22;22;6;2016;25;2;174;677730.650999998
2016-06-23;23;6;2016;25;3;175;559653.337
2016-06-24;24;6;2016;25;4;176;641812.676
2016-06-25;25;6;2016;25;5;177;860296.835
2016-06-26;26;6;2016;25;6;178;954344.667000001
2016-06-27;27;6;2016;26;0;179;684735.608999999
2016-06-28;28;6;2016;26;1;180;596948.935000001
2016-06-29;29;6;2016;26;2;181;632489.477000002
2016-06-30;30;6;2016;26;3;182;554144.864999999
2016-07-01;1;7;2016;26;4;183;857027.553999998
2016-07-02;2;7;2016;26;5;184;1078485.141
2016-07-03;3;7;2016;26;6;185;1126713.708
2016-07-04;4;7;2016;27;0;186;850891.598
2016-07-05;5;7;2016;27;1;187;728011.558
2016-07-06;6;7;2016;27;2;188;752110.939999999
2016-07-07;7;7;2016;27;3;189;591702.782000001
2016-07-08;8;7;2016;27;4;190;688563.400000001
2016-07-09;9;7;2016;27;5;191;868259.971000001
2016-07-10;10;7;2016;27;6;192;932486.300000003
2016-07-11;11;7;2016;28;0;193;688436.145000001
2016-07-12;12;7;2016;28;1;194;627038.780000003
2016-07-13;13;7;2016;28;2;195;642494.402000001
2016-07-14;14;7;2016;28;3;196;535124.328000001
2016-07-15;15;7;2016;28;4;197;675032.429000001
2016-07-16;16;7;2016;28;5;198;887192.885
2016-07-17;17;7;2016;28;6;199;932586.697000002
2016-07-18;18;7;2016;29;0;200;702619.751000003
2016-07-19;19;7;2016;29;1;201;633176.291999999
2016-07-20;20;7;2016;29;2;202;686848.846999999
2016-07-21;21;7;2016;29;3;203;578823.687999999
2016-07-22;22;7;2016;29;4;204;646633.655000001
2016-07-23;23;7;2016;29;5;205;822292.471999998
2016-07-24;24;7;2016;29;6;206;847867.678000002
2016-07-25;25;7;2016;30;0;207;697383.601999999
2016-07-26;26;7;2016;30;1;208;622771.924000001
2016-07-27;27;7;2016;30;2;209;651121.985
2016-07-28;28;7;2016;30;3;210;533256.248999998
2016-07-29;29;7;2016;30;4;211;669585.838
2016-07-30;30;7;2016;30;5;212;910213.871999998
2016-07-31;31;7;2016;30;6;213;997916.957000001
2016-08-01;1;8;2016;31;0;214;895580.404999997
2016-08-02;2;8;2016;31;1;215;777592.838999999
2016-08-03;3;8;2016;31;2;216;779844.810000003
2016-08-04;4;8;2016;31;3;217;622883.097999999
2016-08-05;5;8;2016;31;4;218;704092.739
2016-08-06;6;8;2016;31;5;219;858903.212000001
2016-08-07;7;8;2016;31;6;220;904321.437000002
2016-08-08;8;8;2016;32;0;221;715195.538999999
2016-08-09;9;8;2016;32;1;222;635538.980999997
2016-08-10;10;8;2016;32;2;223;658457.436000001
2016-08-11;11;8;2016;32;3;224;596729.279999999
2016-08-12;12;8;2016;32;4;225;745662.504999998
2016-08-13;13;8;2016;32;5;226;714905.918999999
2016-08-14;14;8;2016;32;6;227;761826.128000001
2016-08-15;15;8;2016;33;0;228;720032.299999998
2016-08-16;16;8;2016;33;1;229;718671.651
2016-08-17;17;8;2016;33;2;230;725945.702999999
2016-08-18;18;8;2016;33;3;231;577350.521000001
2016-08-19;19;8;2016;33;4;232;678767.116000001
2016-08-20;20;8;2016;33;5;233;828986.336
2016-08-21;21;8;2016;33;6;234;901870.150000002
2016-08-22;22;8;2016;34;0;235;714866.234000001
2016-08-23;23;8;2016;34;1;236;660819.977999998
2016-08-24;24;8;2016;34;2;237;674613.047999999
2016-08-25;25;8;2016;34;3;238;554421.529000002
2016-08-26;26;8;2016;34;4;239;646698.273
2016-08-27;27;8;2016;34;5;240;791047.535000001
2016-08-28;28;8;2016;34;6;241;858802.419999999
2016-08-29;29;8;2016;35;0;242;671845.737
2016-08-30;30;8;2016;35;1;243;624711.335000001
2016-08-31;31;8;2016;35;2;244;731430.123999998
2016-09-01;1;9;2016;35;3;245;718105.571
2016-09-02;2;9;2016;35;4;246;837129.587999997
2016-09-03;3;9;2016;35;5;247;1057581.211
2016-09-04;4;9;2016;35;6;248;1109985.858
2016-09-05;5;9;2016;36;0;249;813763.295000002
2016-09-06;6;9;2016;36;1;250;751583.025000002
2016-09-07;7;9;2016;36;2;251;738543.916000002
2016-09-08;8;9;2016;36;3;252;595849.299000001
2016-09-09;9;9;2016;36;4;253;658969.027000001
2016-09-10;10;9;2016;36;5;254;915938.558999998
2016-09-11;11;9;2016;36;6;255;1017369.22399999
2016-09-12;12;9;2016;37;0;256;678776.458999999
2016-09-13;13;9;2016;37;1;257;603427.947000002
2016-09-14;14;9;2016;37;2;258;624262.072000003
2016-09-15;15;9;2016;37;3;259;568324.812999999
2016-09-16;16;9;2016;37;4;260;691912.601
2016-09-17;17;9;2016;37;5;261;899219.297000002
2016-09-18;18;9;2016;37;6;262;1018662.658
2016-09-19;19;9;2016;38;0;263;681159.342
2016-09-20;20;9;2016;38;1;264;650980.322000003
2016-09-21;21;9;2016;38;2;265;666928.399999999
2016-09-22;22;9;2016;38;3;266;533276.332
2016-09-23;23;9;2016;38;4;267;663685.985000001
2016-09-24;24;9;2016;38;5;268;861830.389999997
2016-09-25;25;9;2016;38;6;269;952352.550999998
2016-09-26;26;9;2016;39;0;270;664216.439999999
2016-09-27;27;9;2016;39;1;271;587908.328
2016-09-28;28;9;2016;39;2;272;631761.174999999
2016-09-29;29;9;2016;39;3;273;520744.920999999
2016-09-30;30;9;2016;39;4;274;703198.491
2016-10-01;1;10;2016;39;5;275;1175033.658
2016-10-02;2;10;2016;39;6;276;1256480.17
2016-10-03;3;10;2016;40;0;277;833060.559000003
2016-10-04;4;10;2016;40;1;278;724113.096000001
2016-10-05;5;10;2016;40;2;279;749712.300000003
2016-10-06;6;10;2016;40;3;280;581428.339999999
2016-10-07;7;10;2016;40;4;281;797612.242000001
2016-10-08;8;10;2016;40;5;282;932551.707
2016-10-09;9;10;2016;40;6;283;1088251.48
2016-10-10;10;10;2016;41;0;284;725312.846999999
2016-10-11;11;10;2016;41;1;285;625271.994
2016-10-12;12;10;2016;41;2;286;665126.077999999
2016-10-13;13;10;2016;41;3;287;558859.890999998
2016-10-14;14;10;2016;41;4;288;667954.207000001
2016-10-15;15;10;2016;41;5;289;890613.590999998
2016-10-16;16;10;2016;41;6;290;1104504.688
2016-10-17;17;10;2016;42;0;291;710456.423999998
2016-10-18;18;10;2016;42;1;292;630637.592
2016-10-19;19;10;2016;42;2;293;647823.469000001
2016-10-20;20;10;2016;42;3;294;583001.280000001
2016-10-21;21;10;2016;42;4;295;669453.542000001
2016-10-22;22;10;2016;42;5;296;843626.415999997
2016-10-23;23;10;2016;42;6;297;1022953.69
2016-10-24;24;10;2016;43;0;298;668507.645
2016-10-25;25;10;2016;43;1;299;610590.898000001
2016-10-26;26;10;2016;43;2;300;633413.890999997
2016-10-27;27;10;2016;43;3;301;544361.479999998
2016-10-28;28;10;2016;43;4;302;638838.252000001
2016-10-29;29;10;2016;43;5;303;841074.696999999
2016-10-30;30;10;2016;43;6;304;954838.190999999
2016-10-31;31;10;2016;44;0;305;654923.503
2016-11-01;1;11;2016;44;1;306;811832.445999997
2016-11-02;2;11;2016;44;2;307;969033.619000002
2016-11-03;3;11;2016;44;3;308;793811.684000001
2016-11-04;4;11;2016;44;4;309;858468.215999998
2016-11-05;5;11;2016;44;5;310;887751.298999999
2016-11-06;6;11;2016;44;6;311;1140367.104
2016-11-07;7;11;2016;45;0;312;849451.043000001
2016-11-08;8;11;2016;45;1;313;767439.628000001
2016-11-09;9;11;2016;45;2;314;790276.839
2016-11-10;10;11;2016;45;3;315;588241.758999999
2016-11-11;11;11;2016;45;4;316;713396.453999999
2016-11-12;12;11;2016;45;5;317;929802.772
2016-11-13;13;11;2016;45;6;318;1188982.232
2016-11-14;14;11;2016;46;0;319;735723.173000003
2016-11-15;15;11;2016;46;1;320;691801.628999998
2016-11-16;16;11;2016;46;2;321;830386.742000004
2016-11-17;17;11;2016;46;3;322;615228.256
2016-11-18;18;11;2016;46;4;323;738265.552
2016-11-19;19;11;2016;46;5;324;935655.001000001
2016-11-20;20;11;2016;46;6;325;1125178.989
2016-11-21;21;11;2016;47;0;326;773745.280999999
2016-11-22;22;11;2016;47;1;327;690281.251
2016-11-23;23;11;2016;47;2;328;753685.040999998
2016-11-24;24;11;2016;47;3;329;595457.306000001
2016-11-25;25;11;2016;47;4;330;737819.485000001
2016-11-26;26;11;2016;47;5;331;908066.823
2016-11-27;27;11;2016;47;6;332;1056721.592
2016-11-28;28;11;2016;48;0;333;752583.768
2016-11-29;29;11;2016;48;1;334;645760.507999998
2016-11-30;30;11;2016;48;2;335;767361.703999998
2016-12-01;1;12;2016;48;3;336;843603.313999997
2016-12-02;2;12;2016;48;4;337;853452.931000001
2016-12-03;3;12;2016;48;5;338;1113440.567
2016-12-04;4;12;2016;48;6;339;1276195.03599999
2016-12-05;5;12;2016;49;0;340;896824.939000002
2016-12-06;6;12;2016;49;1;341;932546.386000003
2016-12-07;7;12;2016;49;2;342;867653.735
2016-12-08;8;12;2016;49;3;343;674076.383000001
2016-12-09;9;12;2016;49;4;344;774941.924000001
2016-12-10;10;12;2016;49;5;345;920050.746
2016-12-11;11;12;2016;49;6;346;1119324.245
2016-12-12;12;12;2016;50;0;347;844251.704000002
2016-12-13;13;12;2016;50;1;348;747161.616000002
2016-12-14;14;12;2016;50;2;349;829762.219000002
2016-12-15;15;12;2016;50;3;350;747641.183
2016-12-16;16;12;2016;50;4;351;918899.786000003
2016-12-17;17;12;2016;50;5;352;1071655.628
2016-12-18;18;12;2016;50;6;353;1260471.90799999
2016-12-19;19;12;2016;51;0;354;1028242.823
2016-12-20;20;12;2016;51;1;355;1078323.69
2016-12-21;21;12;2016;51;2;356;1181307.327
2016-12-22;22;12;2016;51;3;357;1135849.392
2016-12-23;23;12;2016;51;4;358;1282145.517
2016-12-24;24;12;2016;51;5;359;1246837.843
2016-12-26;26;12;2016;52;0;361;1032770.749
2016-12-27;27;12;2016;52;1;362;842474.489999997
2016-12-28;28;12;2016;52;2;363;951533.714
2016-12-29;29;12;2016;52;3;364;894108.237000001
2016-12-30;30;12;2016;52;4;365;1163643.038
2016-12-31;31;12;2016;52;5;366;1109012.812
2017-01-01;1;1;2017;52;6;1;12082.501
2017-01-02;2;1;2017;1;0;2;1402305.371
2017-01-03;3;1;2017;1;1;3;1104377.08
2017-01-04;4;1;2017;1;2;4;990093.462999996
2017-01-05;5;1;2017;1;3;5;777620.953999999
2017-01-06;6;1;2017;1;4;6;839600.238000002
2017-01-07;7;1;2017;1;5;7;1103806.299
2017-01-08;8;1;2017;1;6;8;1192543.751
2017-01-09;9;1;2017;2;0;9;793686.897
2017-01-10;10;1;2017;2;1;10;742635.568999997
2017-01-11;11;1;2017;2;2;11;770742.689999999
2017-01-12;12;1;2017;2;3;12;629635.794000001
2017-01-13;13;1;2017;2;4;13;768898.943999998
2017-01-14;14;1;2017;2;5;14;1021050.536
2017-01-15;15;1;2017;2;6;15;1175725.166
2017-01-16;16;1;2017;3;0;16;824488.665999998
2017-01-17;17;1;2017;3;1;17;750836.542999999
2017-01-18;18;1;2017;3;2;18;782656.025
2017-01-19;19;1;2017;3;3;19;606949.744999998
2017-01-20;20;1;2017;3;4;20;725703.691000001
2017-01-21;21;1;2017;3;5;21;1072721.725
2017-01-22;22;1;2017;3;6;22;1148213.359
2017-01-23;23;1;2017;4;0;23;798133.612000003
2017-01-24;24;1;2017;4;1;24;721275.775
2017-01-25;25;1;2017;4;2;25;744342.593000001
2017-01-26;26;1;2017;4;3;26;576515.537000001
2017-01-27;27;1;2017;4;4;27;722113.959000002
2017-01-28;28;1;2017;4;5;28;977850.405999999
2017-01-29;29;1;2017;4;6;29;1075166.993
2017-01-30;30;1;2017;5;0;30;698122.768000001
2017-01-31;31;1;2017;5;1;31;778222.286
2017-02-01;1;2;2017;5;2;32;961777.383
2017-02-02;2;2;2017;5;3;33;748882.733
2017-02-03;3;2;2017;5;4;34;834667.151999999
2017-02-04;4;2;2017;5;5;35;1132788.542
2017-02-05;5;2;2017;5;6;36;1151987.631
2017-02-06;6;2;2017;6;0;37;786672.394000001
2017-02-07;7;2;2017;6;1;38;739431.213000004
2017-02-08;8;2;2017;6;2;39;783605.377000001
2017-02-09;9;2;2017;6;3;40;624387.487999999
2017-02-10;10;2;2017;6;4;41;752207.240000001
2017-02-11;11;2;2017;6;5;42;944924.652999999
2017-02-12;12;2;2017;6;6;43;1074820.9
2017-02-13;13;2;2017;7;0;44;794314.432000002
2017-02-14;14;2;2017;7;1;45;642613.187
2017-02-15;15;2;2017;7;2;46;745780.354999999
2017-02-16;16;2;2017;7;3;47;645968.257
2017-02-17;17;2;2017;7;4;48;758855.713
2017-02-18;18;2;2017;7;5;49;1063394.844
2017-02-19;19;2;2017;7;6;50;858897.123
2017-02-20;20;2;2017;8;0;51;759120.060000002
2017-02-21;21;2;2017;8;1;52;717806.677000004
2017-02-22;22;2;2017;8;2;53;739388.035000001
2017-02-23;23;2;2017;8;3;54;675578.5
2017-02-24;24;2;2017;8;4;55;816197.498999997
2017-02-25;25;2;2017;8;5;56;1026011.223
2017-02-26;26;2;2017;8;6;57;775708.988000001
2017-02-27;27;2;2017;9;0;58;744956.948
2017-02-28;28;2;2017;9;1;59;949366.828999997
2017-03-01;1;3;2017;9;2;60;1008521.71
2017-03-02;2;3;2017;9;3;61;836225.178999998
2017-03-03;3;3;2017;9;4;62;882639.775
2017-03-04;4;3;2017;9;5;63;1125736.347
2017-03-05;5;3;2017;9;6;64;1196983.69
2017-03-06;6;3;2017;10;0;65;790143.240999998
2017-03-07;7;3;2017;10;1;66;761866.730000001
2017-03-08;8;3;2017;10;2;67;781046.662
2017-03-09;9;3;2017;10;3;68;653901.192000001
2017-03-10;10;3;2017;10;4;69;773855.307000001
2017-03-11;11;3;2017;10;5;70;1001174.434
2017-03-12;12;3;2017;10;6;71;1146006.827
2017-03-13;13;3;2017;11;0;72;754390.379999999
2017-03-14;14;3;2017;11;1;73;700998.035000001
2017-03-15;15;3;2017;11;2;74;815621.887000004
2017-03-16;16;3;2017;11;3;75;699108.167
2017-03-17;17;3;2017;11;4;76;812306.773999999
2017-03-18;18;3;2017;11;5;77;1038906.566
2017-03-19;19;3;2017;11;6;78;1157140.639
2017-03-20;20;3;2017;12;0;79;826422.910000001
2017-03-21;21;3;2017;12;1;80;746620.926
2017-03-22;22;3;2017;12;2;81;767880.805000003
2017-03-23;23;3;2017;12;3;82;670848.010000001
2017-03-24;24;3;2017;12;4;83;787903.126000002
2017-03-25;25;3;2017;12;5;84;1038139.317
2017-03-26;26;3;2017;12;6;85;1101557.477
2017-03-27;27;3;2017;13;0;86;784103.264999998
2017-03-28;28;3;2017;13;1;87;702943.948999999
2017-03-29;29;3;2017;13;2;88;824632.984999998
2017-03-30;30;3;2017;13;3;89;637624.340999998
2017-03-31;31;3;2017;13;4;90;878750.038
2017-04-01;1;4;2017;13;5;91;1463083.963
2017-04-02;2;4;2017;13;6;92;1138650.05900001
2017-04-03;3;4;2017;14;0;93;835191.622
2017-04-04;4;4;2017;14;1;94;835602.635999998
2017-04-05;5;4;2017;14;2;95;846631.308000003
2017-04-06;6;4;2017;14;3;96;683059.569999998
2017-04-07;7;4;2017;14;4;97;765502.212000002
2017-04-08;8;4;2017;14;5;98;988590.470000001
2017-04-09;9;4;2017;14;6;99;1101713.657
2017-04-10;10;4;2017;15;0;100;739392.131
2017-04-11;11;4;2017;15;1;101;741331.429999999
2017-04-12;12;4;2017;15;2;102;791762.313000002
2017-04-13;13;4;2017;15;3;103;737029.564999999
2017-04-14;14;4;2017;15;4;104;740889.486000002
2017-04-15;15;4;2017;15;5;105;898610.218000001
2017-04-16;16;4;2017;15;6;106;985493.796000004
2017-04-17;17;4;2017;16;0;107;775916.905999999
2017-04-18;18;4;2017;16;1;108;717196.316000001
2017-04-19;19;4;2017;16;2;109;735733.214
2017-04-20;20;4;2017;16;3;110;675803.021999999
2017-04-21;21;4;2017;16;4;111;795795.894
2017-04-22;22;4;2017;16;5;112;974952.817999998
2017-04-23;23;4;2017;16;6;113;1140070.275
2017-04-24;24;4;2017;17;0;114;755072.531000001
2017-04-25;25;4;2017;17;1;115;718996.081000001
2017-04-26;26;4;2017;17;2;116;781159.283
2017-04-27;27;4;2017;17;3;117;624910.026000002
2017-04-28;28;4;2017;17;4;118;797636.625
2017-04-29;29;4;2017;17;5;119;1068278.816
2017-04-30;30;4;2017;17;6;120;1041249.248
2017-05-01;1;5;2017;18;0;121;1306699.367
2017-05-02;2;5;2017;18;1;122;907318.093999996
2017-05-03;3;5;2017;18;2;123;924247.256999998
2017-05-04;4;5;2017;18;3;124;716654.608999999
2017-05-05;5;5;2017;18;4;125;780798.407000001
2017-05-06;6;5;2017;18;5;126;1039417.862
2017-05-07;7;5;2017;18;6;127;1227380.60799999
2017-05-08;8;5;2017;19;0;128;776307.495
2017-05-09;9;5;2017;19;1;129;715811.198999999
2017-05-10;10;5;2017;19;2;130;766101.906999999
2017-05-11;11;5;2017;19;3;131;648650.413000002
2017-05-12;12;5;2017;19;4;132;764811.415999999
2017-05-13;13;5;2017;19;5;133;1116976.89
2017-05-14;14;5;2017;19;6;134;884199.913999997
2017-05-15;15;5;2017;20;0;135;823035.572
2017-05-16;16;5;2017;20;1;136;807802.895
2017-05-17;17;5;2017;20;2;137;841407.607999994
2017-05-18;18;5;2017;20;3;138;628487.990000002
2017-05-19;19;5;2017;20;4;139;773775.438000002
2017-05-20;20;5;2017;20;5;140;1035667.382
2017-05-21;21;5;2017;20;6;141;1201938.886
2017-05-22;22;5;2017;21;0;142;778935.156000002
2017-05-23;23;5;2017;21;1;143;723151.768000002
2017-05-24;24;5;2017;21;2;144;746303.626999998
2017-05-25;25;5;2017;21;3;145;620108.244
2017-05-26;26;5;2017;21;4;146;984511.152000001
2017-05-27;27;5;2017;21;5;147;932219.893000001
2017-05-28;28;5;2017;21;6;148;1061771.638
2017-05-29;29;5;2017;22;0;149;776813.137000002
2017-05-30;30;5;2017;22;1;150;742471.276999997
2017-05-31;31;5;2017;22;2;151;858062.149
2017-06-01;1;6;2017;22;3;152;766858.172999999
2017-06-02;2;6;2017;22;4;153;918421.318999997
2017-06-03;3;6;2017;22;5;154;1176138.109
2017-06-04;4;6;2017;22;6;155;1376511.52
2017-06-05;5;6;2017;23;0;156;912692.851000001
2017-06-06;6;6;2017;23;1;157;805546.647999999
2017-06-07;7;6;2017;23;2;158;842979.837000002
2017-06-08;8;6;2017;23;3;159;667099.801
2017-06-09;9;6;2017;23;4;160;795075.136000001
2017-06-10;10;6;2017;23;5;161;993732.683999995
2017-06-11;11;6;2017;23;6;162;1213673.947
2017-06-12;12;6;2017;24;0;163;768349.759
2017-06-13;13;6;2017;24;1;164;729412.96
2017-06-14;14;6;2017;24;2;165;785885.908999998
2017-06-15;15;6;2017;24;3;166;660338.346999999
2017-06-16;16;6;2017;24;4;167;834786.427999997
2017-06-17;17;6;2017;24;5;168;1096133.551
2017-06-18;18;6;2017;24;6;169;965144.120999999
2017-06-19;19;6;2017;25;0;170;791146.393999998
2017-06-20;20;6;2017;25;1;171;787326.716999997
2017-06-21;21;6;2017;25;2;172;766159.011000002
2017-06-22;22;6;2017;25;3;173;609857.830999999
2017-06-23;23;6;2017;25;4;174;761049.745
2017-06-24;24;6;2017;25;5;175;963268.226999998
2017-06-25;25;6;2017;25;6;176;1092610.86
2017-06-26;26;6;2017;26;0;177;755367.845000002
2017-06-27;27;6;2017;26;1;178;682218.469000002
2017-06-28;28;6;2017;26;2;179;731896.985000001
2017-06-29;29;6;2017;26;3;180;630811.802999997
2017-06-30;30;6;2017;26;4;181;802273.139000002
